Month,P&I Total,Principal,Interest,Extra,Escrow,Total Outflow,Balance
1,10061.57,4161.57,5900.00,0.00,1800.00,11861.57,1195838.43
2,10061.57,4182.03,5879.54,0.00,1800.00,11861.57,1191656.41
3,10061.57,4202.59,5858.98,0.00,1800.00,11861.57,1187453.82
4,10061.57,4223.25,5838.31,0.00,1800.00,11861.57,1183230.57
5,10061.57,4244.01,5817.55,0.00,1800.00,11861.57,1178986.56
6,10061.57,4264.88,5796.68,0.00,1800.00,11861.57,1174721.67
7,10061.57,4285.85,5775.71,0.00,1800.00,11861.57,1170435.82
8,10061.57,4306.92,5754.64,0.00,1800.00,11861.57,1166128.90
9,10061.57,4328.10,5733.47,0.00,1800.00,11861.57,1161800.80
10,10061.57,4349.38,5712.19,0.00,1800.00,11861.57,1157451.42
11,10061.57,4370.76,5690.80,0.00,1800.00,11861.57,1153080.66
12,10061.57,4392.25,5669.31,0.00,1800.00,11861.57,1148688.41
13,10061.57,4413.85,5647.72,0.00,1800.00,11861.57,1144274.56
14,10061.57,4435.55,5626.02,0.00,1800.00,11861.57,1139839.01
15,10061.57,4457.36,5604.21,0.00,1800.00,11861.57,1135381.66
16,10061.57,4479.27,5582.29,0.00,1800.00,11861.57,1130902.39
17,10061.57,4501.30,5560.27,0.00,1800.00,11861.57,1126401.09
18,10061.57,4523.43,5538.14,0.00,1800.00,11861.57,1121877.66
19,10061.57,4545.67,5515.90,0.00,1800.00,11861.57,1117332.00
20,10061.57,4568.02,5493.55,0.00,1800.00,11861.57,1112763.98
21,10061.57,4590.48,5471.09,0.00,1800.00,11861.57,1108173.51
22,10061.57,4613.05,5448.52,0.00,1800.00,11861.57,1103560.46
23,10061.57,4635.73,5425.84,0.00,1800.00,11861.57,1098924.73
24,10061.57,4658.52,5403.05,0.00,1800.00,11861.57,1094266.21
25,10061.57,4681.42,5380.14,0.00,1800.00,11861.57,1089584.79
26,10061.57,4704.44,5357.13,0.00,1800.00,11861.57,1084880.35
27,10061.57,4727.57,5334.00,0.00,1800.00,11861.57,1080152.78
28,10061.57,4750.81,5310.75,0.00,1800.00,11861.57,1075401.97
29,10061.57,4774.17,5287.39,0.00,1800.00,11861.57,1070627.80
30,10061.57,4797.65,5263.92,0.00,1800.00,11861.57,1065830.15
31,10061.57,4821.23,5240.33,0.00,1800.00,11861.57,1061008.92
32,10061.57,4844.94,5216.63,0.00,1800.00,11861.57,1056163.98
33,10061.57,4868.76,5192.81,0.00,1800.00,11861.57,1051295.22
34,10061.57,4892.70,5168.87,0.00,1800.00,11861.57,1046402.52
35,10061.57,4916.75,5144.81,0.00,1800.00,11861.57,1041485.77
36,10061.57,4940.93,5120.64,0.00,1800.00,11861.57,1036544.84
37,10061.57,4965.22,5096.35,0.00,1800.00,11861.57,1031579.62
38,10061.57,4989.63,5071.93,0.00,1800.00,11861.57,1026589.99
39,10061.57,5014.16,5047.40,0.00,1800.00,11861.57,1021575.83
40,10061.57,5038.82,5022.75,0.00,1800.00,11861.57,1016537.01
41,10061.57,5063.59,4997.97,0.00,1800.00,11861.57,1011473.42
42,10061.57,5088.49,4973.08,0.00,1800.00,11861.57,1006384.93
43,10061.57,5113.51,4948.06,0.00,1800.00,11861.57,1001271.42
44,10061.57,5138.65,4922.92,0.00,1800.00,11861.57,996132.78
45,10061.57,5163.91,4897.65,0.00,1800.00,11861.57,990968.86
46,10061.57,5189.30,4872.26,0.00,1800.00,11861.57,985779.56
47,10061.57,5214.82,4846.75,0.00,1800.00,11861.57,980564.75
48,10061.57,5240.46,4821.11,0.00,1800.00,11861.57,975324.29
49,10061.57,5266.22,4795.34,0.00,1800.00,11861.57,970058.07
50,10061.57,5292.11,4769.45,0.00,1800.00,11861.57,964765.96
51,10061.57,5318.13,4743.43,0.00,1800.00,11861.57,959447.82
52,10061.57,5344.28,4717.29,0.00,1800.00,11861.57,954103.54
53,10061.57,5370.56,4691.01,0.00,1800.00,11861.57,948732.99
54,10061.57,5396.96,4664.60,0.00,1800.00,11861.57,943336.03
55,10061.57,5423.50,4638.07,0.00,1800.00,11861.57,937912.53
56,10061.57,5450.16,4611.40,0.00,1800.00,11861.57,932462.37
57,10061.57,5476.96,4584.61,0.00,1800.00,11861.57,926985.41
58,10061.57,5503.89,4557.68,0.00,1800.00,11861.57,921481.52
59,10061.57,5530.95,4530.62,0.00,1800.00,11861.57,915950.58
60,10061.57,5558.14,4503.42,0.00,1800.00,11861.57,910392.43
61,10061.57,5585.47,4476.10,0.00,1800.00,11861.57,904806.96
62,10061.57,5612.93,4448.63,0.00,1800.00,11861.57,899194.03
63,10061.57,5640.53,4421.04,0.00,1800.00,11861.57,893553.51
64,10061.57,5668.26,4393.30,0.00,1800.00,11861.57,887885.25
65,10061.57,5696.13,4365.44,0.00,1800.00,11861.57,882189.12
66,10061.57,5724.14,4337.43,0.00,1800.00,11861.57,876464.98
67,10061.57,5752.28,4309.29,0.00,1800.00,11861.57,870712.70
68,10061.57,5780.56,4281.00,0.00,1800.00,11861.57,864932.14
69,10061.57,5808.98,4252.58,0.00,1800.00,11861.57,859123.16
70,10061.57,5837.54,4224.02,0.00,1800.00,11861.57,853285.61
71,10061.57,5866.24,4195.32,0.00,1800.00,11861.57,847419.37
72,10061.57,5895.09,4166.48,0.00,1800.00,11861.57,841524.28
73,10061.57,5924.07,4137.49,0.00,1800.00,11861.57,835600.21
74,10061.57,5953.20,4108.37,0.00,1800.00,11861.57,829647.02
75,10061.57,5982.47,4079.10,0.00,1800.00,11861.57,823664.55
76,10061.57,6011.88,4049.68,0.00,1800.00,11861.57,817652.67
77,10061.57,6041.44,4020.13,0.00,1800.00,11861.57,811611.23
78,10061.57,6071.14,3990.42,0.00,1800.00,11861.57,805540.08
79,10061.57,6100.99,3960.57,0.00,1800.00,11861.57,799439.09
80,10061.57,6130.99,3930.58,0.00,1800.00,11861.57,793308.10
81,10061.57,6161.13,3900.43,0.00,1800.00,11861.57,787146.97
82,10061.57,6191.43,3870.14,0.00,1800.00,11861.57,780955.54
83,10061.57,6221.87,3839.70,0.00,1800.00,11861.57,774733.67
84,10061.57,6252.46,3809.11,0.00,1800.00,11861.57,768481.22
85,10061.57,6283.20,3778.37,0.00,1800.00,11861.57,762198.02
86,10061.57,6314.09,3747.47,0.00,1800.00,11861.57,755883.93
87,10061.57,6345.14,3716.43,0.00,1800.00,11861.57,749538.79
88,10061.57,6376.33,3685.23,0.00,1800.00,11861.57,743162.46
89,10061.57,6407.68,3653.88,0.00,1800.00,11861.57,736754.77
90,10061.57,6439.19,3622.38,0.00,1800.00,11861.57,730315.59
91,10061.57,6470.85,3590.72,0.00,1800.00,11861.57,723844.74
92,10061.57,6502.66,3558.90,0.00,1800.00,11861.57,717342.08
93,10061.57,6534.63,3526.93,0.00,1800.00,11861.57,710807.44
94,10061.57,6566.76,3494.80,0.00,1800.00,11861.57,704240.68
95,10061.57,6599.05,3462.52,0.00,1800.00,11861.57,697641.63
96,10061.57,6631.49,3430.07,0.00,1800.00,11861.57,691010.14
97,10061.57,6664.10,3397.47,0.00,1800.00,11861.57,684346.04
98,10061.57,6696.86,3364.70,0.00,1800.00,11861.57,677649.18
99,10061.57,6729.79,3331.78,0.00,1800.00,11861.57,670919.39
100,10061.57,6762.88,3298.69,0.00,1800.00,11861.57,664156.51
101,10061.57,6796.13,3265.44,0.00,1800.00,11861.57,657360.38
102,10061.57,6829.54,3232.02,0.00,1800.00,11861.57,650530.84
103,10061.57,6863.12,3198.44,0.00,1800.00,11861.57,643667.71
104,10061.57,6896.87,3164.70,0.00,1800.00,11861.57,636770.85
105,10061.57,6930.78,3130.79,0.00,1800.00,11861.57,629840.07
106,10061.57,6964.85,3096.71,0.00,1800.00,11861.57,622875.22
107,10061.57,6999.10,3062.47,0.00,1800.00,11861.57,615876.13
108,10061.57,7033.51,3028.06,0.00,1800.00,11861.57,608842.62
109,10061.57,7068.09,2993.48,0.00,1800.00,11861.57,601774.53
110,10061.57,7102.84,2958.72,0.00,1800.00,11861.57,594671.69
111,10061.57,7137.76,2923.80,0.00,1800.00,11861.57,587533.93
112,10061.57,7172.86,2888.71,0.00,1800.00,11861.57,580361.07
113,10061.57,7208.12,2853.44,0.00,1800.00,11861.57,573152.95
114,10061.57,7243.56,2818.00,0.00,1800.00,11861.57,565909.38
115,10061.57,7279.18,2782.39,0.00,1800.00,11861.57,558630.21
116,10061.57,7314.97,2746.60,0.00,1800.00,11861.57,551315.24
117,10061.57,7350.93,2710.63,0.00,1800.00,11861.57,543964.31
118,10061.57,7387.07,2674.49,0.00,1800.00,11861.57,536577.23
119,10061.57,7423.39,2638.17,0.00,1800.00,11861.57,529153.84
120,10061.57,7459.89,2601.67,0.00,1800.00,11861.57,521693.95
121,10061.57,7496.57,2565.00,0.00,1800.00,11861.57,514197.38
122,10061.57,7533.43,2528.14,0.00,1800.00,11861.57,506663.95
123,10061.57,7570.47,2491.10,0.00,1800.00,11861.57,499093.48
124,10061.57,7607.69,2453.88,0.00,1800.00,11861.57,491485.79
125,10061.57,7645.09,2416.47,0.00,1800.00,11861.57,483840.70
126,10061.57,7682.68,2378.88,0.00,1800.00,11861.57,476158.02
127,10061.57,7720.45,2341.11,0.00,1800.00,11861.57,468437.56
128,10061.57,7758.41,2303.15,0.00,1800.00,11861.57,460679.15
129,10061.57,7796.56,2265.01,0.00,1800.00,11861.57,452882.59
130,10061.57,7834.89,2226.67,0.00,1800.00,11861.57,445047.70
131,10061.57,7873.41,2188.15,0.00,1800.00,11861.57,437174.28
132,10061.57,7912.13,2149.44,0.00,1800.00,11861.57,429262.16
133,10061.57,7951.03,2110.54,0.00,1800.00,11861.57,421311.13
134,10061.57,7990.12,2071.45,0.00,1800.00,11861.57,413321.01
135,10061.57,8029.40,2032.16,0.00,1800.00,11861.57,405291.61
136,10061.57,8068.88,1992.68,0.00,1800.00,11861.57,397222.73
137,10061.57,8108.55,1953.01,0.00,1800.00,11861.57,389114.17
138,10061.57,8148.42,1913.14,0.00,1800.00,11861.57,380965.75
139,10061.57,8188.48,1873.08,0.00,1800.00,11861.57,372777.27
140,10061.57,8228.74,1832.82,0.00,1800.00,11861.57,364548.53
141,10061.57,8269.20,1792.36,0.00,1800.00,11861.57,356279.32
142,10061.57,8309.86,1751.71,0.00,1800.00,11861.57,347969.46
143,10061.57,8350.72,1710.85,0.00,1800.00,11861.57,339618.75
144,10061.57,8391.77,1669.79,0.00,1800.00,11861.57,331226.98
145,10061.57,8433.03,1628.53,0.00,1800.00,11861.57,322793.94
146,10061.57,8474.50,1587.07,0.00,1800.00,11861.57,314319.45
147,10061.57,8516.16,1545.40,0.00,1800.00,11861.57,305803.29
148,10061.57,8558.03,1503.53,0.00,1800.00,11861.57,297245.26
149,10061.57,8600.11,1461.46,0.00,1800.00,11861.57,288645.15
150,10061.57,8642.39,1419.17,0.00,1800.00,11861.57,280002.75
151,10061.57,8684.89,1376.68,0.00,1800.00,11861.57,271317.87
152,10061.57,8727.59,1333.98,0.00,1800.00,11861.57,262590.28
153,10061.57,8770.50,1291.07,0.00,1800.00,11861.57,253819.79
154,10061.57,8813.62,1247.95,0.00,1800.00,11861.57,245006.17
155,10061.57,8856.95,1204.61,0.00,1800.00,11861.57,236149.22
156,10061.57,8900.50,1161.07,0.00,1800.00,11861.57,227248.72
157,10061.57,8944.26,1117.31,0.00,1800.00,11861.57,218304.46
158,10061.57,8988.23,1073.33,0.00,1800.00,11861.57,209316.22
159,10061.57,9032.43,1029.14,0.00,1800.00,11861.57,200283.80
160,10061.57,9076.84,984.73,0.00,1800.00,11861.57,191206.96
161,10061.57,9121.46,940.10,0.00,1800.00,11861.57,182085.50
162,10061.57,9166.31,895.25,0.00,1800.00,11861.57,172919.18
163,10061.57,9211.38,850.19,0.00,1800.00,11861.57,163707.80
164,10061.57,9256.67,804.90,0.00,1800.00,11861.57,154451.14
165,10061.57,9302.18,759.38,0.00,1800.00,11861.57,145148.96
166,10061.57,9347.92,713.65,0.00,1800.00,11861.57,135801.04
167,10061.57,9393.88,667.69,0.00,1800.00,11861.57,126407.16
168,10061.57,9440.06,621.50,0.00,1800.00,11861.57,116967.10
169,10061.57,9486.48,575.09,0.00,1800.00,11861.57,107480.62
170,10061.57,9533.12,528.45,0.00,1800.00,11861.57,97947.50
171,10061.57,9579.99,481.58,0.00,1800.00,11861.57,88367.51
172,10061.57,9627.09,434.47,0.00,1800.00,11861.57,78740.42
173,10061.57,9674.42,387.14,0.00,1800.00,11861.57,69066.00
174,10061.57,9721.99,339.57,0.00,1800.00,11861.57,59344.01
175,10061.57,9769.79,291.77,0.00,1800.00,11861.57,49574.22
176,10061.57,9817.83,243.74,0.00,1800.00,11861.57,39756.39
177,10061.57,9866.10,195.47,0.00,1800.00,11861.57,29890.29
178,10061.57,9914.60,146.96,0.00,1800.00,11861.57,19975.69
179,10061.57,9963.35,98.21,0.00,1800.00,11861.57,10012.34
180,10061.57,10012.34,49.23,0.00,1800.00,11861.57,0.00
