Rank,Scenario ID,Name,Cash Down ($),LOC Initial ($),Mortgage Initial ($),Velocity Tier,Quarterly Extra ($),Payoff Month,Payoff Years,Nominal Outflows ($),Total Interest ($),Tax Savings ($),PV Outflows @ 3.8% ($),Delta PV vs Baseline ($),Strategy IRR vs Baseline (%)
1,56,C0k_L1100k_M600k_V0,0,1100000,600000,V0,0,360,30.00,2138502.96,1690671.04,185370.55,1451577.15,-413774.95,N/A
2,61,C0k_L1200k_M500k_V0,0,1200000,500000,V0,0,360,30.00,2124149.75,1645422.74,154475.46,1451947.25,-413404.85,N/A
3,66,C0k_L1300k_M400k_V0,0,1300000,400000,V0,0,360,30.00,2109796.55,1600174.44,123580.37,1454610.48,-410741.62,N/A
4,71,C0k_L1400k_M300k_V0,0,1400000,300000,V0,0,360,30.00,2095443.34,1554926.14,92685.27,1457297.85,-408054.25,N/A
5,76,C0k_L1500k_M200k_V0,0,1500000,200000,V0,0,360,30.00,2081090.13,1509677.85,61790.18,1460239.25,-405112.85,N/A
6,51,C0k_L1000k_M700k_V0,0,1000000,700000,V0,0,360,30.00,2152856.17,1735919.34,216265.64,1463043.38,-402308.72,N/A
7,81,C0k_L1600k_M100k_V0,0,1600000,100000,V0,0,360,30.00,2066736.93,1464429.55,30895.09,1463952.77,-401399.33,N/A
8,86,C0k_L1700k_M0k_V0,0,1700000,0,V0,0,360,30.00,2052383.72,1419181.25,0.00,1468550.29,-396801.81,N/A
9,47,C0k_L900k_M800k_V1,0,900000,800000,V1,5000,314,26.17,2050296.74,1404875.72,226299.51,1471913.19,-393438.91,N/A
10,52,C0k_L1000k_M700k_V1,0,1000000,700000,V1,5000,313,26.08,2036164.01,1360409.98,200652.14,1472946.34,-392405.76,N/A
11,46,C0k_L900k_M800k_V0,0,900000,800000,V0,0,360,30.00,2169288.94,1781167.63,245081.17,1479361.99,-385990.11,N/A
12,57,C0k_L1100k_M600k_V1,0,1100000,600000,V1,5000,312,26.00,2022650.60,1313594.52,172008.86,1482551.97,-382800.13,N/A
13,42,C0k_L800k_M900k_V1,0,800000,900000,V1,5000,312,26.00,2086391.97,1445987.05,240660.01,1482762.98,-382589.12,N/A
14,41,C0k_L800k_M900k_V0,0,800000,900000,V0,0,360,30.00,2195776.16,1826415.93,263842.24,1495694.09,-369658.01,0.86%
15,62,C0k_L1200k_M500k_V1,0,1200000,500000,V1,5000,310,25.83,2016591.02,1269918.80,143830.51,1498227.64,-367124.46,N/A
16,37,C0k_L700k_M1000k_V1,0,700000,1000000,V1,5000,312,26.00,2120035.63,1487719.13,248748.43,1499520.26,-365831.84,N/A
17,36,C0k_L700k_M1000k_V0,0,700000,1000000,V0,0,360,30.00,2228161.82,1871664.23,276704.88,1512036.97,-353315.13,2.19%
18,67,C0k_L1300k_M400k_V1,0,1300000,400000,V1,5000,307,25.58,2013869.14,1224362.14,114952.84,1514440.93,-350911.17,N/A
19,32,C0k_L600k_M1100k_V1,0,600000,1100000,V1,5000,310,25.83,2166067.92,1528298.56,252733.37,1517957.96,-347394.14,N/A
20,31,C0k_L600k_M1100k_V0,0,600000,1100000,V0,0,360,30.00,2263867.08,1916912.53,286247.92,1528379.86,-336972.24,3.09%
21,72,C0k_L1400k_M300k_V1,0,1400000,300000,V1,5000,303,25.25,2016207.26,1179552.29,86045.35,1528874.42,-336477.68,N/A
22,27,C0k_L500k_M1200k_V1,0,500000,1200000,V1,5000,306,25.50,2215486.69,1560025.51,253598.15,1537930.77,-327421.34,N/A
23,77,C0k_L1500k_M200k_V1,0,1500000,200000,V1,5000,294,24.50,2040374.43,1134453.27,56887.16,1543332.96,-322019.14,N/A
24,26,C0k_L500k_M1200k_V0,0,500000,1200000,V0,0,360,30.00,2301801.76,1962160.83,293561.54,1544722.74,-320629.36,3.79%
25,141,C100k_L1000k_M600k_V0,100000,1000000,600000,V0,0,360,30.00,2267135.86,1607189.79,185370.55,1545844.64,-319507.46,N/A
26,146,C100k_L1100k_M500k_V0,100000,1100000,500000,V0,0,360,30.00,2252782.65,1561941.49,154475.46,1546988.76,-318363.34,N/A
27,151,C100k_L1200k_M400k_V0,100000,1200000,400000,V0,0,360,30.00,2238429.45,1516693.19,123580.37,1549652.00,-315700.10,N/A
28,156,C100k_L1300k_M300k_V0,100000,1300000,300000,V0,0,360,30.00,2224076.24,1471444.89,92685.27,1552315.23,-313036.87,N/A
29,161,C100k_L1400k_M200k_V0,100000,1400000,200000,V0,0,360,30.00,2209723.03,1426196.60,61790.18,1554978.47,-310373.63,N/A
30,82,C0k_L1600k_M100k_V1,0,1600000,100000,V1,5000,285,23.75,2065344.35,1092156.18,28250.97,1555304.90,-310047.20,8.88%
31,22,C0k_L400k_M1300k_V1,0,400000,1300000,V1,5000,302,25.17,2262657.99,1588649.50,253186.60,1557335.60,-308016.50,N/A
32,166,C100k_L1500k_M100k_V0,100000,1500000,100000,V0,0,360,30.00,2195369.83,1380948.30,30895.09,1557641.70,-307710.40,N/A
33,137,C100k_L900k_M700k_V1,100000,900000,700000,V1,5000,309,25.75,2142377.23,1279959.54,198399.19,1558510.05,-306842.05,N/A
34,136,C100k_L900k_M700k_V0,100000,900000,700000,V0,0,360,30.00,2281489.07,1652438.09,216265.64,1559206.08,-306146.02,N/A
35,132,C100k_L800k_M800k_V1,100000,800000,800000,V1,5000,309,25.75,2159180.23,1321211.17,222847.82,1559547.94,-305804.16,N/A
36,171,C100k_L1600k_M0k_V0,100000,1600000,0,V0,0,360,30.00,2181016.62,1335700.00,0.00,1560550.30,-304801.80,N/A
37,21,C0k_L400k_M1300k_V0,0,400000,1300000,V0,0,360,30.00,2341122.53,2007409.12,299489.06,1561065.62,-304286.48,4.36%
38,142,C100k_L1000k_M600k_V1,100000,1000000,600000,V1,5000,309,25.75,2125694.26,1235567.28,170689.90,1561233.90,-304118.20,N/A
39,87,C0k_L1700k_M0k_V1,0,1700000,0,V1,5000,267,22.25,2126772.17,1052044.90,0.00,1566622.58,-298729.52,7.78%
40,147,C100k_L1100k_M500k_V1,100000,1100000,500000,V1,5000,306,25.50,2119159.34,1189103.37,142130.98,1569750.36,-295601.74,N/A
41,127,C100k_L700k_M900k_V1,100000,700000,900000,V1,5000,308,25.67,2190846.46,1363084.28,236868.52,1570083.41,-295268.69,N/A
42,131,C100k_L800k_M800k_V0,100000,800000,800000,V0,0,360,30.00,2297921.84,1697686.38,245081.17,1575434.34,-289917.76,N/A
43,16,C0k_L300k_M1400k_V0,0,300000,1400000,V0,0,360,30.00,2381561.17,2052657.42,304298.72,1577408.51,-287943.59,4.84%
44,17,C0k_L300k_M1400k_V1,0,300000,1400000,V1,5000,296,24.67,2306588.43,1602611.03,250032.57,1577809.75,-287542.35,N/A
45,48,C0k_L900k_M800k_V2,0,900000,800000,V2,15000,205,17.08,2049287.86,916252.86,156715.62,1581063.26,-284288.84,7.68%
46,53,C0k_L1000k_M700k_V2,0,1000000,700000,V2,15000,205,17.08,2038900.55,890158.90,141008.99,1581480.42,-283871.68,7.52%
47,58,C0k_L1100k_M600k_V2,0,1100000,600000,V2,15000,204,17.00,2032259.59,861537.82,122030.75,1584187.25,-281164.85,7.30%
48,152,C100k_L1200k_M400k_V1,100000,1200000,400000,V1,5000,303,25.25,2114990.70,1145653.58,114006.86,1585497.05,-279855.05,9.40%
49,122,C100k_L600k_M1000k_V1,100000,600000,1000000,V1,5000,306,25.50,2232002.45,1403899.29,244083.80,1586681.78,-278670.32,N/A
50,63,C0k_L1200k_M500k_V2,0,1200000,500000,V2,15000,203,16.92,2027720.42,834920.86,103011.81,1588505.84,-276846.26,7.12%
51,43,C0k_L800k_M900k_V2,0,800000,900000,V2,15000,204,17.00,2070432.59,938823.49,161143.43,1590775.25,-274576.85,7.57%
52,126,C100k_L700k_M900k_V0,100000,700000,900000,V0,0,360,30.00,2324409.06,1742934.68,263842.24,1591690.68,-273661.42,N/A
53,11,C0k_L200k_M1500k_V0,0,200000,1500000,V0,0,360,30.00,2422758.85,2097905.72,308349.34,1593751.39,-271600.71,5.25%
54,12,C0k_L200k_M1500k_V1,0,200000,1500000,V1,5000,287,23.92,2344353.63,1595116.59,243666.18,1599906.84,-265445.26,N/A
55,68,C0k_L1300k_M400k_V2,0,1300000,400000,V2,15000,199,16.58,2029651.85,804356.05,82561.60,1599950.63,-265401.47,6.94%
56,157,C100k_L1300k_M300k_V1,100000,1300000,300000,V1,5000,300,25.00,2109749.18,1100743.61,85284.39,1601039.52,-264312.58,8.41%
57,38,C0k_L700k_M1000k_V2,0,700000,1000000,V2,15000,203,16.92,2090844.11,956884.38,161851.63,1602163.43,-263188.67,7.39%
58,117,C100k_L500k_M1100k_V1,100000,500000,1100000,V1,5000,303,25.25,2273576.85,1436193.71,245960.85,1605558.93,-259793.17,N/A
59,121,C100k_L600k_M1000k_V0,100000,600000,1000000,V0,0,360,30.00,2356794.72,1788182.98,276704.88,1608009.28,-257342.82,N/A
60,6,C0k_L100k_M1600k_V0,0,100000,1600000,V0,0,360,30.00,2464683.25,2143154.02,311673.23,1610094.27,-255257.83,5.62%
61,33,C0k_L600k_M1100k_V2,0,600000,1100000,V2,15000,201,16.75,2113351.71,973676.21,162196.63,1613849.41,-251502.69,7.21%
62,73,C0k_L1400k_M300k_V2,0,1400000,300000,V2,15000,195,16.25,2032899.33,775345.64,62049.70,1615399.81,-249952.29,6.78%
63,162,C100k_L1400k_M200k_V1,100000,1400000,200000,V1,5000,292,24.33,2123520.91,1056886.32,56605.52,1615857.26,-249494.84,7.79%
64,7,C0k_L100k_M1600k_V1,0,100000,1600000,V1,5000,273,22.75,2365691.14,1547203.93,232395.35,1622020.02,-243332.08,N/A
65,116,C100k_L500k_M1100k_V0,100000,500000,1100000,V0,0,360,30.00,2392499.98,1833431.28,286247.92,1624327.89,-241024.21,1.47%
66,112,C100k_L400k_M1200k_V1,100000,400000,1200000,V1,5000,299,24.92,2317260.43,1465508.62,246237.45,1624354.87,-240997.23,N/A
67,1,C0k_L0k_M1700k_V0,0,0,1700000,V0,0,360,30.00,2506970.15,2188402.31,314634.64,1626437.15,-238914.95,5.94%
68,28,C0k_L500k_M1200k_V2,0,500000,1200000,V2,15000,198,16.50,2131833.37,981851.70,160840.21,1626963.07,-238389.03,7.02%
69,167,C100k_L1500k_M100k_V1,100000,1500000,100000,V1,5000,279,23.25,2153933.82,1013810.26,27932.84,1629131.49,-236220.61,7.34%
70,78,C0k_L1500k_M200k_V2,0,1500000,200000,V2,15000,189,15.75,2042725.40,747188.36,41352.21,1629421.35,-235930.75,6.64%
71,83,C0k_L1600k_M100k_V2,0,1600000,100000,V2,15000,183,15.25,2053368.36,720205.68,20579.56,1637802.06,-227550.04,6.51%
72,138,C100k_L900k_M700k_V2,100000,900000,700000,V2,15000,198,16.50,2082722.69,820765.85,135878.30,1639558.20,-225793.90,7.15%
73,133,C100k_L800k_M800k_V2,100000,800000,800000,V2,15000,198,16.50,2091263.37,843561.01,150132.78,1639606.84,-225745.26,7.25%
74,172,C100k_L1600k_M0k_V1,100000,1600000,0,V1,5000,263,21.92,2194370.20,974443.82,0.00,1639608.75,-225743.35,6.99%
75,23,C0k_L400k_M1300k_V2,0,400000,1300000,V2,15000,193,16.08,2151390.64,984584.60,158559.00,1640243.76,-225108.34,6.84%
76,111,C100k_L400k_M1200k_V0,100000,400000,1200000,V0,0,360,30.00,2430434.66,1878679.58,293561.54,1640646.49,-224705.61,3.06%
77,221,C200k_L900k_M600k_V0,200000,900000,600000,V0,0,360,30.00,2395768.76,1523708.54,185370.55,1640906.83,-224445.27,N/A
78,143,C100k_L1000k_M600k_V2,100000,1000000,600000,V2,15000,198,16.50,2074549.88,794849.45,118134.72,1641333.07,-224019.03,7.00%
79,226,C200k_L1000k_M500k_V0,200000,1000000,500000,V0,0,360,30.00,2381415.55,1478460.24,154475.46,1642030.28,-223321.82,N/A
80,2,C0k_L0k_M1700k_V1,0,0,1700000,V1,5000,252,21.00,2346150.71,1427962.62,213585.21,1642130.36,-223221.74,N/A
81,88,C0k_L1700k_M0k_V2,0,1700000,0,V2,15000,176,14.67,2068261.66,695381.60,0.00,1642185.30,-223166.80,6.39%
82,107,C100k_L300k_M1300k_V1,100000,300000,1300000,V1,5000,292,24.33,2360342.19,1480651.57,243549.49,1644004.58,-221347.52,N/A
83,231,C200k_L1100k_M400k_V0,200000,1100000,400000,V0,0,360,30.00,2367062.35,1433211.94,123580.37,1644693.52,-220658.58,N/A
84,217,C200k_L800k_M700k_V1,200000,800000,700000,V1,5000,304,25.33,2243079.23,1197103.13,195141.45,1644819.30,-220532.80,9.58%
85,212,C200k_L700k_M800k_V1,200000,700000,800000,V1,5000,303,25.25,2263832.90,1239088.91,219243.65,1645164.04,-220188.06,10.46%
86,222,C200k_L900k_M600k_V1,200000,900000,600000,V1,5000,304,25.33,2228276.64,1155747.35,168588.26,1646184.88,-219167.22,8.84%
87,148,C100k_L1100k_M500k_V2,100000,1100000,500000,V2,15000,195,16.25,2072367.48,766813.08,99296.81,1646862.90,-218489.20,6.86%
88,236,C200k_L1200k_M300k_V0,200000,1200000,300000,V0,0,360,30.00,2352709.14,1387963.64,92685.27,1647356.75,-217995.35,N/A
89,227,C200k_L1000k_M500k_V1,200000,1000000,500000,V1,5000,303,25.25,2214609.38,1111546.71,140924.96,1649077.69,-216274.41,8.27%
90,153,C100k_L1200k_M400k_V2,100000,1200000,400000,V2,15000,195,16.25,2065172.51,740726.44,80405.15,1649212.74,-216139.36,6.74%
91,128,C100k_L700k_M900k_V2,100000,700000,900000,V2,15000,197,16.42,2109234.31,862233.59,153189.87,1649452.57,-215899.53,7.14%
92,241,C200k_L1300k_M200k_V0,200000,1300000,200000,V0,0,360,30.00,2338355.93,1342715.35,61790.18,1650019.99,-215332.11,N/A
93,246,C200k_L1400k_M100k_V0,200000,1400000,100000,V0,0,360,30.00,2324002.73,1297467.05,30895.09,1652683.22,-212668.88,10.45%
94,18,C0k_L300k_M1400k_V2,0,300000,1400000,V2,15000,188,15.67,2161128.24,976004.89,154619.82,1653205.93,-212146.18,6.66%
95,207,C200k_L600k_M900k_V1,200000,600000,900000,V1,5000,303,25.25,2291677.73,1280092.78,232402.69,1655099.87,-210252.23,10.68%
96,251,C200k_L1500k_M0k_V0,200000,1500000,0,V0,0,360,30.00,2309649.52,1252218.75,0.00,1655346.46,-210005.64,8.70%
97,216,C200k_L800k_M700k_V0,200000,800000,700000,V0,0,360,30.00,2410121.97,1568956.84,216265.64,1655675.66,-209676.44,N/A
98,232,C200k_L1100k_M400k_V1,200000,1100000,400000,V1,5000,299,24.92,2208485.97,1065624.67,112496.10,1656921.98,-208430.12,7.81%
99,106,C100k_L300k_M1300k_V0,100000,300000,1300000,V0,0,360,30.00,2469755.43,1923927.87,299489.06,1656965.09,-208387.01,4.08%
100,54,C0k_L1000k_M700k_V3,0,1000000,700000,V3,40000,105,8.75,1922918.92,460283.11,74531.70,1657769.80,-207582.30,6.38%
101,49,C0k_L900k_M800k_V3,0,900000,800000,V3,40000,105,8.75,1926362.46,470247.86,81052.90,1658163.75,-207188.35,6.39%
102,59,C0k_L1100k_M600k_V3,0,1100000,600000,V3,40000,105,8.75,1921189.63,449249.44,65227.32,1659334.05,-206018.05,6.34%
103,123,C100k_L600k_M1000k_V2,100000,600000,1000000,V2,15000,195,16.25,2130423.86,879740.79,154168.15,1659872.70,-205479.40,7.02%
104,158,C100k_L1300k_M300k_V2,100000,1300000,300000,V2,15000,189,15.75,2070003.80,711663.02,60315.28,1661015.26,-204336.84,6.62%
105,64,C0k_L1200k_M500k_V3,0,1200000,500000,V3,40000,105,8.75,1920700.35,439275.32,55742.48,1661766.53,-203585.57,6.30%
106,102,C100k_L200k_M1400k_V1,100000,200000,1400000,V1,5000,283,23.58,2392183.48,1475055.71,237421.39,1662543.79,-202808.31,N/A
107,44,C0k_L800k_M900k_V3,0,800000,900000,V3,40000,105,8.75,1932650.85,476591.14,81107.80,1663533.81,-201818.29,6.34%
108,13,C0k_L200k_M1500k_V2,0,200000,1500000,V2,15000,181,15.08,2169310.95,959993.21,149898.94,1663569.61,-201782.49,6.52%
109,69,C0k_L1300k_M400k_V3,0,1300000,400000,V3,40000,102,8.50,1924711.38,426884.87,45225.39,1667235.95,-198116.15,6.26%
110,74,C0k_L1400k_M300k_V3,0,1400000,300000,V3,40000,102,8.50,1923669.17,415099.59,34482.32,1669254.25,-196097.85,6.22%
111,39,C0k_L700k_M1000k_V3,0,700000,1000000,V3,40000,103,8.58,1943209.84,483407.92,81302.38,1670132.35,-195219.75,6.30%
112,237,C200k_L1200k_M300k_V1,200000,1200000,300000,V1,5000,295,24.58,2204848.53,1022643.55,84484.45,1670833.21,-194518.89,7.45%
113,118,C100k_L500k_M1100k_V2,100000,500000,1100000,V2,15000,192,16.00,2147643.48,889200.10,153273.91,1671033.06,-194319.04,6.88%
114,8,C0k_L100k_M1600k_V2,0,100000,1600000,V2,15000,174,14.50,2161127.12,926367.42,143491.91,1671455.89,-193896.21,6.40%
115,211,C200k_L700k_M800k_V0,200000,700000,800000,V0,0,360,30.00,2426554.74,1614205.13,245081.17,1671728.88,-193623.22,N/A
116,202,C200k_L500k_M1000k_V1,200000,500000,1000000,V1,5000,299,24.92,2331439.59,1312975.82,236893.63,1673037.15,-192314.95,10.43%
117,101,C100k_L200k_M1400k_V0,100000,200000,1400000,V0,0,360,30.00,2510194.07,1969176.17,304298.72,1673283.70,-192068.40,4.84%
118,163,C100k_L1400k_M200k_V2,100000,1400000,200000,V2,15000,185,15.42,2071799.66,684325.49,40204.87,1675045.46,-190306.64,6.50%
119,34,C0k_L600k_M1100k_V3,0,600000,1100000,V3,40000,102,8.50,1950260.28,488354.69,81146.31,1675474.50,-189877.60,6.26%
120,3,C0k_L0k_M1700k_V2,0,0,1700000,V2,15000,164,13.67,2144903.21,875796.70,135249.79,1677377.52,-187974.58,6.32%
121,29,C0k_L500k_M1200k_V3,0,500000,1200000,V3,40000,102,8.50,1953411.06,490956.00,80596.83,1678704.78,-186647.32,6.22%
122,79,C0k_L1500k_M200k_V3,0,1500000,200000,V3,40000,99,8.25,1928567.04,403001.68,23246.73,1679056.65,-186295.45,6.18%
123,97,C100k_L100k_M1500k_V1,100000,100000,1500000,V1,5000,269,22.42,2405032.46,1430364.05,226283.18,1682194.29,-183157.81,N/A
124,113,C100k_L400k_M1200k_V2,100000,400000,1200000,V2,15000,188,15.67,2163036.74,893459.64,151359.10,1683114.40,-182237.70,6.74%
125,84,C0k_L1600k_M100k_V3,0,1600000,100000,V3,40000,99,8.25,1928454.86,391451.02,11808.24,1683422.33,-181929.77,6.14%
126,89,C0k_L1700k_M0k_V3,0,1700000,0,V3,40000,96,8.00,1934377.58,379928.33,0.00,1684571.77,-180780.33,6.10%
127,168,C100k_L1500k_M100k_V2,100000,1500000,100000,V2,15000,177,14.75,2083539.70,658419.44,20047.67,1685112.11,-180239.99,6.40%
128,24,C0k_L400k_M1300k_V3,0,400000,1300000,V3,40000,99,8.25,1960149.19,491023.51,79686.41,1685291.15,-180060.95,6.18%
129,242,C200k_L1300k_M200k_V1,200000,1300000,200000,V1,5000,288,24.00,2208551.37,978837.88,56027.02,1685612.75,-179739.35,7.15%
130,55,C0k_L1000k_M700k_V4,0,1000000,700000,V4,100000,48,4.00,1816847.89,216097.33,34889.61,1687307.64,-178044.46,6.11%
131,50,C0k_L900k_M800k_V4,0,900000,800000,V4,100000,48,4.00,1817744.57,219461.91,37357.50,1687577.47,-177774.63,6.11%
132,139,C100k_L900k_M700k_V3,100000,900000,700000,V3,40000,99,8.25,1932611.05,417512.20,70466.03,1687623.20,-177728.90,6.33%
133,134,C100k_L800k_M800k_V3,100000,800000,800000,V3,40000,99,8.25,1934019.87,424238.17,75783.18,1687722.39,-177629.71,6.33%
134,206,C200k_L600k_M900k_V0,200000,600000,900000,V0,0,360,30.00,2453041.96,1659453.43,263842.24,1687886.43,-177465.67,N/A
135,19,C0k_L300k_M1400k_V3,0,300000,1400000,V3,40000,98,8.17,1960504.96,488218.24,78418.04,1688099.34,-177252.76,6.15%
136,60,C0k_L1100k_M600k_V4,0,1100000,600000,V4,100000,48,4.00,1817301.29,212465.68,30804.56,1688351.18,-177000.92,6.09%
137,173,C100k_L1600k_M0k_V2,100000,1600000,0,V2,15000,171,14.25,2092347.89,634457.50,0.00,1688641.65,-176710.45,6.30%
138,144,C100k_L1000k_M600k_V3,100000,1000000,600000,V3,40000,99,8.25,1931330.40,407670.09,61904.57,1689149.81,-176202.29,6.29%
139,65,C0k_L1200k_M500k_V4,0,1200000,500000,V4,100000,48,4.00,1818249.07,209107.24,26498.34,1689580.94,-175771.16,6.08%
140,96,C100k_L100k_M1500k_V0,100000,100000,1500000,V0,0,360,30.00,2551391.75,2014424.47,308349.34,1689602.30,-175749.80,5.44%
141,45,C0k_L800k_M900k_V4,0,800000,900000,V4,100000,48,4.00,1820396.74,222416.70,37660.13,1689613.32,-175738.78,6.09%
142,197,C200k_L400k_M1100k_V1,200000,400000,1100000,V1,5000,295,24.58,2371481.99,1343018.23,238225.68,1690311.31,-175040.79,10.08%
143,149,C100k_L1100k_M500k_V3,100000,1100000,500000,V3,40000,99,8.25,1929848.32,396961.69,52678.26,1690757.54,-174594.56,6.26%
144,70,C0k_L1300k_M400k_V4,0,1300000,400000,V4,100000,48,4.00,1818686.68,204739.15,21692.65,1690777.38,-174574.72,6.07%
145,14,C0k_L200k_M1500k_V3,0,200000,1500000,V3,40000,96,8.00,1960719.35,483227.05,76956.95,1691352.40,-173999.70,6.13%
146,40,C0k_L700k_M1000k_V4,0,700000,1000000,V4,100000,48,4.00,1822786.45,224886.72,37740.44,1691555.51,-173796.59,6.08%
147,129,C100k_L700k_M900k_V3,100000,700000,900000,V3,40000,99,8.25,1940435.16,431294.01,76423.73,1691927.78,-173424.32,6.29%
148,75,C0k_L1400k_M300k_V4,0,1400000,300000,V4,100000,48,4.00,1819233.58,200210.60,16617.19,1692058.71,-173293.39,6.05%
149,154,C100k_L1200k_M400k_V3,100000,1200000,400000,V3,40000,99,8.25,1929461.80,387122.78,43225.87,1692681.03,-172671.07,6.22%
150,108,C100k_L300k_M1300k_V2,100000,300000,1300000,V2,15000,183,15.25,2171180.67,887021.01,147933.78,1692915.94,-172436.16,6.61%
151,35,C0k_L600k_M1100k_V4,0,600000,1100000,V4,100000,48,4.00,1824712.41,226793.69,37721.46,1693259.40,-172092.70,6.06%
152,218,C200k_L800k_M700k_V2,200000,800000,700000,V2,15000,192,16.00,2116066.22,750799.42,129949.56,1694014.96,-171337.14,6.90%
153,80,C0k_L1500k_M200k_V4,0,1500000,200000,V4,100000,48,4.00,1819928.28,195583.20,11295.09,1694195.12,-171156.98,6.04%
154,9,C0k_L100k_M1600k_V3,0,100000,1600000,V3,40000,93,7.75,1958550.99,473439.43,75028.15,1694405.19,-170946.91,6.11%
155,30,C0k_L500k_M1200k_V4,0,500000,1200000,V4,100000,48,4.00,1826096.40,228055.99,37599.76,1694691.45,-170660.65,6.05%
156,213,C200k_L700k_M800k_V2,200000,700000,800000,V2,15000,189,15.75,2127824.86,770010.49,142608.48,1695610.07,-169742.03,6.97%
157,25,C0k_L400k_M1300k_V4,0,400000,1300000,V4,100000,48,4.00,1826856.89,228588.54,37371.82,1695816.44,-169535.66,6.04%
158,223,C200k_L900k_M600k_V2,200000,900000,600000,V2,15000,192,16.00,2109551.97,727934.36,113598.75,1695900.46,-169451.64,6.80%
159,124,C100k_L600k_M1000k_V3,100000,600000,1000000,V3,40000,99,8.25,1945748.63,436517.94,76334.19,1695901.88,-169450.22,6.26%
160,4,C0k_L0k_M1700k_V3,0,0,1700000,V3,40000,90,7.50,1952816.52,459981.94,72874.88,1695912.10,-169440.00,6.10%
161,92,C100k_L0k_M1600k_V1,100000,0,1600000,V1,5000,247,20.58,2378180.92,1316863.45,207218.59,1696998.61,-168353.49,7.66%
162,159,C100k_L1300k_M300k_V3,100000,1300000,300000,V3,40000,96,8.00,1932387.16,375327.77,32851.69,1697713.47,-167638.63,6.19%
163,20,C0k_L300k_M1400k_V4,0,300000,1400000,V4,100000,47,3.92,1828457.29,228332.32,37041.12,1698786.66,-166565.44,6.03%
164,85,C0k_L1600k_M100k_V4,0,1600000,100000,V4,100000,45,3.75,1825415.02,191001.10,5769.26,1698817.16,-166534.94,6.02%
165,228,C200k_L1000k_M500k_V2,200000,1000000,500000,V2,15000,189,15.75,2106887.16,702414.68,95950.37,1699350.66,-166001.44,6.69%
166,247,C200k_L1400k_M100k_V1,200000,1400000,100000,V1,5000,277,23.08,2223712.99,936725.76,27766.98,1699433.61,-165918.49,6.89%
167,140,C100k_L900k_M700k_V4,100000,900000,700000,V4,100000,45,3.75,1817269.20,194454.85,32658.19,1700172.80,-165179.30,6.09%
168,90,C0k_L1700k_M0k_V4,0,1700000,0,V4,100000,45,3.75,1826686.31,186503.12,0.00,1700446.25,-164905.85,6.01%
169,135,C100k_L800k_M800k_V4,100000,800000,800000,V4,100000,45,3.75,1818123.75,197423.21,34771.99,1700504.50,-164847.60,6.09%
170,5,C0k_L0k_M1700k_V4,0,0,1700000,V4,100000,45,3.75,1827379.58,222812.43,35616.03,1700565.99,-164786.11,6.01%
171,164,C100k_L1400k_M200k_V3,100000,1400000,200000,V3,40000,96,8.00,1931846.16,364201.97,22266.89,1700648.31,-164703.79,6.15%
172,15,C0k_L200k_M1500k_V4,0,200000,1500000,V4,100000,45,3.75,1830937.26,227409.47,36655.39,1700935.68,-164416.42,6.02%
173,10,C0k_L100k_M1600k_V4,0,100000,1600000,V4,100000,45,3.75,1829625.48,225630.67,36188.38,1700978.45,-164373.65,6.01%
174,145,C100k_L1000k_M600k_V4,100000,1000000,600000,V4,100000,45,3.75,1817703.44,191127.83,28896.93,1701142.52,-164209.58,6.08%
175,150,C100k_L1100k_M500k_V4,100000,1100000,500000,V4,100000,45,3.75,1818211.78,187568.48,24829.24,1702198.10,-163154.00,6.07%
176,119,C100k_L500k_M1100k_V3,100000,500000,1100000,V3,40000,96,8.00,1953677.27,439687.21,75921.02,1702395.58,-162956.52,6.22%
177,130,C100k_L700k_M900k_V4,100000,700000,900000,V4,100000,45,3.75,1820563.96,199959.67,34868.25,1702457.05,-162895.05,6.07%
178,103,C100k_L200k_M1400k_V2,100000,200000,1400000,V2,15000,176,14.67,2177271.14,873425.67,143481.94,1702737.05,-162615.05,6.49%
179,208,C200k_L600k_M900k_V2,200000,600000,900000,V2,15000,189,15.75,2143237.62,788104.96,145290.20,1703237.67,-162114.43,6.89%
180,155,C100k_L1200k_M400k_V4,100000,1200000,400000,V4,100000,45,3.75,1819143.79,184189.28,20518.03,1703424.87,-161927.23,6.06%
181,233,C200k_L1100k_M400k_V2,200000,1100000,400000,V2,15000,186,15.50,2103455.25,675287.35,77330.64,1704008.43,-161343.67,6.59%
182,201,C200k_L500k_M1000k_V0,200000,500000,1000000,V0,0,360,30.00,2485427.62,1704701.73,276704.88,1704139.82,-161212.28,N/A
183,125,C100k_L600k_M1000k_V4,100000,600000,1000000,V4,100000,45,3.75,1822582.00,201987.81,34878.34,1704180.13,-161171.97,6.06%
184,160,C100k_L1300k_M300k_V4,100000,1300000,300000,V4,100000,45,3.75,1819714.34,179996.12,15754.32,1704649.91,-160702.19,6.04%
185,114,C100k_L400k_M1200k_V3,100000,400000,1200000,V3,40000,96,8.00,1955225.54,440505.17,75190.71,1704897.70,-160454.40,6.19%
186,120,C100k_L500k_M1100k_V4,100000,500000,1100000,V4,100000,45,3.75,1824101.11,203427.88,34799.31,1705640.50,-159711.60,6.05%
187,91,C100k_L0k_M1600k_V0,100000,0,1600000,V0,0,360,30.00,2593316.15,2059672.77,311673.23,1705920.91,-159431.19,5.94%
188,165,C100k_L1400k_M200k_V4,100000,1400000,200000,V4,100000,45,3.75,1820428.54,175687.70,10731.70,1705968.67,-159383.43,6.03%
189,115,C100k_L400k_M1200k_V4,100000,400000,1200000,V4,100000,45,3.75,1825041.20,204196.75,34628.09,1706803.25,-158548.85,6.04%
190,110,C100k_L300k_M1300k_V4,100000,300000,1300000,V4,100000,45,3.75,1825318.80,204207.81,34361.54,1707631.74,-157720.36,6.03%
191,169,C100k_L1500k_M100k_V3,100000,1500000,100000,V3,40000,93,7.75,1936086.77,353013.60,11249.59,1707667.05,-157685.05,6.12%
192,105,C100k_L200k_M1400k_V4,100000,200000,1400000,V4,100000,45,3.75,1824846.97,203370.86,33996.42,1708087.52,-157264.58,6.02%
193,170,C100k_L1500k_M100k_V4,100000,1500000,100000,V4,100000,45,3.75,1821323.71,171324.07,5472.90,1708216.74,-157135.36,6.01%
194,192,C200k_L300k_M1200k_V1,200000,300000,1200000,V1,5000,288,24.00,2409034.15,1359420.22,236126.58,1708623.63,-156728.47,9.47%
195,238,C200k_L1200k_M300k_V2,200000,1200000,300000,V2,15000,184,15.33,2100185.89,650008.47,58632.83,1708779.57,-156572.53,6.50%
196,175,C100k_L1600k_M0k_V4,100000,1600000,0,V4,100000,45,3.75,1822435.03,166962.50,0.00,1708908.09,-156444.01,6.00%
197,252,C200k_L1500k_M0k_V1,200000,1500000,0,V1,5000,258,21.50,2259039.92,897423.44,0.00,1708964.25,-156387.85,6.66%
198,109,C100k_L300k_M1300k_V3,100000,300000,1300000,V3,40000,93,7.75,1958767.30,438577.50,74132.95,1709696.14,-155655.96,6.16%
199,98,C100k_L100k_M1500k_V2,100000,100000,1500000,V2,15000,168,14.00,2170014.20,843034.39,137062.60,1709696.61,-155655.49,6.40%
200,95,C100k_L0k_M1600k_V4,100000,0,1600000,V4,100000,42,3.50,1825111.93,199394.48,33106.02,1710720.84,-154631.26,6.01%
201,174,C100k_L1600k_M0k_V3,100000,1600000,0,V3,40000,90,7.50,1940875.79,342250.00,0.00,1711015.12,-154336.98,6.08%
202,100,C100k_L100k_M1500k_V4,100000,100000,1500000,V4,100000,42,3.50,1827014.14,201760.49,33569.83,1711060.66,-154291.44,6.02%
203,220,C200k_L800k_M700k_V4,200000,800000,700000,V4,100000,42,3.50,1816329.12,173680.85,30376.20,1711367.79,-153984.31,6.07%
204,104,C100k_L200k_M1400k_V3,100000,200000,1400000,V3,40000,92,7.67,1957337.95,434447.35,72878.52,1711392.08,-153960.02,6.14%
205,215,C200k_L700k_M800k_V4,200000,700000,800000,V4,100000,42,3.50,1816987.63,176251.82,32288.66,1711619.75,-153732.36,6.07%
206,225,C200k_L900k_M600k_V4,200000,900000,600000,V4,100000,42,3.50,1816790.28,170730.03,26964.23,1712272.23,-153079.87,6.07%
207,93,C100k_L0k_M1600k_V2,100000,0,1600000,V2,15000,159,13.25,2149347.39,796380.97,129336.41,1712594.14,-152757.96,6.33%
208,99,C100k_L100k_M1500k_V3,100000,100000,1500000,V3,40000,90,7.50,1953532.15,425922.22,71015.87,1712748.17,-152603.93,6.12%
209,230,C200k_L1000k_M500k_V4,200000,1000000,500000,V4,100000,42,3.50,1817276.06,167470.83,23219.25,1713253.06,-152099.04,6.05%
210,210,C200k_L600k_M900k_V4,200000,600000,900000,V4,100000,42,3.50,1819072.81,178368.29,32319.96,1713356.85,-151995.25,6.06%
211,203,C200k_L500k_M1000k_V2,200000,500000,1000000,V2,15000,186,15.50,2159280.90,798770.26,144987.89,1713388.67,-151963.43,6.78%
212,94,C100k_L0k_M1600k_V3,100000,0,1600000,V3,40000,87,7.25,1947975.71,413838.67,68684.16,1713871.56,-151480.54,6.10%
213,224,C200k_L900k_M600k_V3,200000,900000,600000,V3,40000,95,7.92,1935191.07,367139.72,58376.63,1713902.64,-151449.46,6.25%
214,214,C200k_L700k_M800k_V3,200000,700000,800000,V3,40000,93,7.75,1939160.35,381297.06,70642.51,1714135.21,-151216.89,6.28%
215,235,C200k_L1100k_M400k_V4,200000,1100000,400000,V4,100000,42,3.50,1817861.92,164013.48,19176.04,1714325.25,-151026.85,6.04%
216,219,C200k_L800k_M700k_V3,200000,800000,700000,V3,40000,94,7.83,1935806.90,374068.45,65733.83,1714405.27,-150946.83,6.27%
217,205,C200k_L500k_M1000k_V4,200000,500000,1000000,V4,100000,42,3.50,1820701.37,179952.38,32275.48,1714840.22,-150511.88,6.05%
218,240,C200k_L1200k_M300k_V4,200000,1200000,300000,V4,100000,42,3.50,1818801.87,160644.73,14867.34,1715553.90,-149798.20,6.03%
219,200,C200k_L400k_M1100k_V4,200000,400000,1100000,V4,100000,42,3.50,1821794.69,180922.87,32152.65,1716035.25,-149316.85,6.04%
220,245,C200k_L1300k_M200k_V4,200000,1300000,200000,V4,100000,42,3.50,1819526.68,156654.54,10152.34,1716811.81,-148540.29,6.02%
221,195,C200k_L300k_M1200k_V4,200000,300000,1200000,V4,100000,42,3.50,1822270.79,181195.10,31948.79,1716905.60,-148446.50,6.03%
222,229,C200k_L1000k_M500k_V3,200000,1000000,500000,V3,40000,93,7.75,1936136.12,357492.19,49861.88,1716991.58,-148360.52,6.22%
223,190,C200k_L200k_M1300k_V4,200000,200000,1300000,V4,100000,42,3.50,1822044.26,180680.91,31661.13,1717413.16,-147938.94,6.02%
224,185,C200k_L100k_M1400k_V4,200000,100000,1400000,V4,100000,42,3.50,1821026.16,179288.55,31286.86,1717517.96,-147834.14,6.02%
225,243,C200k_L1300k_M200k_V2,200000,1300000,200000,V2,15000,180,15.00,2099133.40,622877.90,39006.85,1717615.45,-147736.65,6.40%
226,209,C200k_L600k_M900k_V3,200000,600000,900000,V3,40000,93,7.75,1944572.01,386934.28,70868.08,1717986.29,-147365.81,6.25%
227,250,C200k_L1400k_M100k_V4,200000,1400000,100000,V4,100000,42,3.50,1820428.93,152593.56,5189.10,1718325.04,-147027.06,6.01%
228,180,C200k_L0k_M1500k_V4,200000,0,1500000,V4,100000,40,3.33,1820661.08,177020.48,30846.56,1718473.67,-146878.43,6.01%
229,234,C200k_L1100k_M400k_V3,200000,1100000,400000,V3,40000,93,7.75,1934986.40,347221.11,40740.52,1718659.00,-146693.10,6.19%
230,255,C200k_L1500k_M0k_V4,200000,1500000,0,V4,100000,42,3.50,1821544.79,148520.31,0.00,1719639.96,-145712.14,5.99%
231,196,C200k_L400k_M1100k_V0,200000,400000,1100000,V0,0,360,30.00,2521132.88,1749950.03,286247.92,1720393.22,-144958.88,N/A
232,295,C300k_L700k_M700k_V4,300000,700000,700000,V4,100000,40,3.33,1813745.78,153824.63,28047.16,1720588.68,-144763.42,6.06%
233,239,C200k_L1200k_M300k_V3,200000,1200000,300000,V3,40000,93,7.75,1934792.44,337635.57,31348.94,1720617.25,-144734.85,6.16%
234,290,C300k_L600k_M800k_V4,300000,600000,800000,V4,100000,39,3.25,1814307.88,155983.15,30003.07,1720843.30,-144508.80,6.06%
235,204,C200k_L500k_M1000k_V3,200000,500000,1000000,V3,40000,93,7.75,1948410.39,390595.58,70690.99,1721261.11,-144090.99,6.21%
236,300,C300k_L800k_M600k_V4,300000,800000,600000,V4,100000,40,3.33,1814224.11,151248.16,24992.36,1721419.46,-143932.64,6.05%
237,285,C300k_L500k_M900k_V4,300000,500000,900000,V4,100000,39,3.25,1815965.91,157678.05,30039.94,1722293.65,-143058.45,6.05%
238,305,C300k_L900k_M500k_V4,300000,900000,500000,V4,100000,39,3.25,1815072.56,148333.92,21589.17,1722645.46,-142706.64,6.04%
239,198,C200k_L400k_M1100k_V2,200000,400000,1100000,V2,15000,182,15.17,2173050.92,804529.85,143543.66,1723423.90,-141928.20,6.67%
240,280,C300k_L400k_M1000k_V4,300000,400000,1000000,V4,100000,39,3.25,1817186.51,158816.01,29957.30,1723515.51,-141836.59,6.04%
241,310,C300k_L1000k_M400k_V4,300000,1000000,400000,V4,100000,39,3.25,1815632.52,145172.32,17867.61,1723642.04,-141710.06,6.03%
242,275,C300k_L300k_M1100k_V4,300000,300000,1100000,V4,100000,39,3.25,1817834.42,159314.32,29807.70,1724422.10,-140930.00,6.03%
243,187,C200k_L200k_M1300k_V1,200000,200000,1300000,V1,5000,279,23.25,2435094.72,1355833.26,230392.71,1724628.20,-140723.90,8.68%
244,315,C300k_L1100k_M300k_V4,300000,1100000,300000,V4,100000,39,3.25,1816318.11,141846.20,13855.89,1724735.37,-140616.73,6.02%
245,244,C200k_L1300k_M200k_V3,200000,1300000,200000,V3,40000,90,7.50,1936996.69,326615.25,21160.68,1724834.21,-140517.89,6.13%
246,260,C300k_L0k_M1400k_V4,300000,0,1400000,V4,100000,39,3.25,1815485.58,156091.74,28933.96,1724863.06,-140489.04,6.02%
247,270,C300k_L200k_M1200k_V4,300000,200000,1200000,V4,100000,39,3.25,1817825.75,159086.79,29588.84,1724975.63,-140376.47,6.03%
248,265,C300k_L100k_M1300k_V4,300000,100000,1300000,V4,100000,39,3.25,1817073.12,158043.72,29298.40,1725136.46,-140215.64,6.02%
249,199,C200k_L400k_M1100k_V3,200000,400000,1100000,V3,40000,91,7.58,1952400.62,391966.33,70106.41,1725591.39,-139760.71,6.18%
250,320,C300k_L1200k_M200k_V4,300000,1200000,200000,V4,100000,39,3.25,1817289.34,138518.60,9557.06,1725970.70,-139381.40,6.01%
251,292,C300k_L700k_M700k_V1,300000,700000,700000,V1,5000,298,24.83,2338893.08,1115865.95,191749.70,1727112.81,-138239.29,8.17%
252,325,C300k_L1300k_M100k_V4,300000,1300000,100000,V4,100000,39,3.25,1818189.37,134758.97,4897.40,1727265.71,-138086.39,6.00%
253,194,C200k_L300k_M1200k_V3,200000,300000,1200000,V3,40000,90,7.50,1953323.69,390949.51,69167.95,1727843.38,-137508.72,6.16%
254,249,C200k_L1400k_M100k_V3,200000,1400000,100000,V3,40000,90,7.50,1937033.89,316250.23,10758.47,1728019.06,-137333.04,6.09%
255,287,C300k_L600k_M800k_V1,300000,600000,800000,V1,5000,297,24.75,2358840.64,1157032.76,215002.30,1728095.92,-137256.18,8.49%
256,330,C300k_L1400k_M0k_V4,300000,1400000,0,V4,100000,39,3.25,1819300.09,130972.29,0.00,1728671.75,-136680.35,5.99%
257,248,C200k_L1400k_M100k_V2,200000,1400000,100000,V2,15000,171,14.25,2108000.98,597850.04,19450.76,1728817.46,-136534.64,6.31%
258,365,C400k_L600k_M700k_V4,400000,600000,700000,V4,100000,39,3.25,1810824.04,135083.37,25710.06,1728849.24,-136502.86,6.05%
259,360,C400k_L500k_M800k_V4,400000,500000,800000,V4,100000,39,3.25,1810958.28,136778.27,27270.72,1728856.99,-136495.11,6.05%
260,297,C300k_L800k_M600k_V1,300000,800000,600000,V1,5000,298,24.83,2323073.28,1073859.40,165562.96,1728979.55,-136372.55,7.83%
261,370,C400k_L700k_M600k_V4,400000,700000,600000,V4,100000,39,3.25,1811333.74,132910.87,23027.86,1729604.00,-135748.10,6.04%
262,355,C400k_L400k_M900k_V4,400000,400000,900000,V4,100000,37,3.08,1811812.73,137952.82,27573.03,1729720.20,-135631.90,6.04%
263,375,C400k_L800k_M500k_V4,400000,800000,500000,V4,100000,39,3.25,1811813.92,130336.84,19973.64,1730435.18,-134916.92,6.03%
264,350,C400k_L300k_M1000k_V4,400000,300000,1000000,V4,100000,36,3.00,1812547.01,138614.29,27481.20,1730618.74,-134733.36,6.03%
265,189,C200k_L200k_M1300k_V3,200000,200000,1300000,V3,40000,87,7.25,1954283.95,387746.87,67945.71,1730966.54,-134385.56,6.13%
266,345,C400k_L200k_M1100k_V4,400000,200000,1100000,V4,100000,36,3.00,1812762.05,138637.90,27289.77,1731242.93,-134109.17,6.03%
267,380,C400k_L900k_M400k_V4,400000,900000,400000,V4,100000,39,3.25,1812311.65,127434.14,16573.22,1731347.42,-134004.68,6.02%
268,335,C400k_L0k_M1300k_V4,400000,0,1300000,V4,100000,36,3.00,1811172.78,136332.07,26573.20,1731451.23,-133900.87,6.02%
269,179,C200k_L0k_M1500k_V3,200000,0,1500000,V3,40000,83,6.92,1943628.56,369502.87,64187.49,1731499.67,-133852.43,6.11%
270,340,C400k_L100k_M1200k_V4,400000,100000,1200000,V4,100000,36,3.00,1812333.17,137907.59,26988.34,1731533.60,-133818.50,6.02%
271,254,C200k_L1500k_M0k_V3,200000,1500000,0,V3,40000,87,7.25,1940623.11,306140.31,0.00,1731670.01,-133682.09,6.06%
272,302,C300k_L900k_M500k_V1,300000,900000,500000,V1,5000,298,24.83,2308263.92,1032494.71,139007.63,1731704.15,-133647.95,7.53%
273,184,C200k_L100k_M1400k_V3,200000,100000,1400000,V3,40000,85,7.08,1950462.00,380276.21,66204.74,1731892.42,-133459.68,6.12%
274,193,C200k_L300k_M1200k_V2,200000,300000,1200000,V2,15000,177,14.75,2179900.72,800198.10,140465.07,1732106.50,-133245.60,6.56%
275,385,C400k_L1000k_M300k_V4,400000,1000000,300000,V4,100000,37,3.08,1812864.19,124286.19,12854.93,1732330.39,-133021.71,6.01%
276,253,C200k_L1500k_M0k_V2,200000,1500000,0,V2,15000,165,13.75,2113637.36,574887.50,0.00,1733045.37,-132306.73,6.23%
277,390,C400k_L1100k_M200k_V4,400000,1100000,200000,V4,100000,36,3.00,1813645.70,121111.29,8879.51,1733431.04,-131921.06,6.00%
278,395,C400k_L1200k_M100k_V4,400000,1200000,100000,V4,100000,36,3.00,1814671.16,117855.06,4597.81,1734677.81,-130674.29,5.99%
279,294,C300k_L700k_M700k_V3,300000,700000,700000,V3,40000,90,7.50,1936967.40,333725.70,61216.77,1735367.30,-129984.80,6.23%
280,307,C300k_L1000k_M400k_V1,300000,1000000,400000,V1,5000,295,24.58,2298037.60,988642.27,111427.90,1735439.79,-129912.31,7.27%
281,400,C400k_L1300k_M0k_V4,400000,1300000,0,V4,100000,36,3.00,1815767.04,114353.13,0.00,1736014.10,-129338.00,5.98%
282,289,C300k_L600k_M800k_V3,300000,600000,800000,V3,40000,89,7.42,1939059.60,339530.67,65500.77,1736029.02,-129323.08,6.24%
283,430,C500k_L500k_M700k_V4,500000,500000,700000,V4,100000,36,3.00,1807473.16,117330.39,23326.17,1736115.72,-129236.38,6.03%
284,425,C500k_L400k_M800k_V4,500000,400000,800000,V4,100000,36,3.00,1807578.18,118602.24,24493.00,1736200.48,-129151.62,6.03%
285,191,C200k_L300k_M1200k_V0,200000,300000,1200000,V0,0,360,30.00,2559067.56,1795198.33,293561.54,1736656.58,-128695.52,N/A
286,299,C300k_L800k_M600k_V3,300000,800000,600000,V3,40000,90,7.50,1936608.23,326456.79,54307.03,1736791.12,-128560.98,6.21%
287,435,C500k_L600k_M600k_V4,500000,600000,600000,V4,100000,36,3.00,1808002.47,115557.34,21023.81,1736791.48,-128560.62,6.03%
288,301,C300k_L900k_M500k_V0,300000,900000,500000,V0,0,360,30.00,2510048.45,1394978.99,154475.46,1737071.80,-128280.30,11.46%
289,420,C500k_L300k_M900k_V4,500000,300000,900000,V4,100000,36,3.00,1808353.04,119292.08,24407.98,1737120.48,-128231.62,6.03%
290,405,C500k_L0k_M1200k_V4,500000,0,1200000,V4,100000,33,2.75,1806495.24,117693.24,23664.00,1737145.39,-128206.71,6.01%
291,410,C500k_L100k_M1100k_V4,500000,100000,1100000,V4,100000,33,2.75,1807397.62,118929.28,23997.66,1737171.24,-128180.86,6.01%
292,415,C500k_L200k_M1000k_V4,500000,200000,1000000,V4,100000,34,2.83,1807965.37,119395.09,24235.61,1737234.33,-128117.77,6.02%
293,296,C300k_L800k_M600k_V0,300000,800000,600000,V0,0,360,30.00,2524401.66,1440227.29,185370.55,1737251.41,-128100.69,13.52%
294,440,C500k_L700k_M500k_V4,500000,700000,500000,V4,100000,36,3.00,1808493.74,113360.59,18335.79,1737542.36,-127809.74,6.02%
295,445,C500k_L800k_M400k_V4,500000,800000,400000,V4,100000,36,3.00,1808995.10,110814.42,15288.26,1738378.02,-126974.08,6.01%
296,304,C300k_L900k_M500k_V3,300000,900000,500000,V3,40000,90,7.50,1936945.57,319408.16,46921.06,1738487.84,-126864.26,6.18%
297,450,C500k_L900k_M300k_V4,500000,900000,300000,V4,100000,36,3.00,1809552.28,107989.95,11906.61,1739302.79,-126049.31,6.00%
298,188,C200k_L200k_M1300k_V2,200000,200000,1300000,V2,15000,171,14.25,2182079.91,789021.82,136543.62,1739606.58,-125745.52,6.47%
299,282,C300k_L500k_M900k_V1,300000,500000,900000,V1,5000,294,24.50,2387804.34,1190522.00,225520.70,1739618.61,-125733.49,8.44%
300,306,C300k_L1000k_M400k_V0,300000,1000000,400000,V0,0,360,30.00,2495695.25,1349730.69,123580.37,1739735.03,-125617.07,10.09%
301,284,C300k_L500k_M900k_V3,300000,500000,900000,V3,40000,87,7.25,1944233.54,343659.39,65570.23,1740094.39,-125257.71,6.21%
302,455,C500k_L1000k_M200k_V4,500000,1000000,200000,V4,100000,36,3.00,1810208.67,104955.24,8215.51,1740319.70,-125032.40,6.00%
303,309,C300k_L1000k_M400k_V3,300000,1000000,400000,V3,40000,89,7.42,1936547.91,309976.26,38458.05,1740500.39,-124851.71,6.16%
304,460,C500k_L1100k_M100k_V4,500000,1100000,100000,V4,100000,33,2.75,1810061.22,101852.65,4257.44,1740541.26,-124810.84,5.99%
305,470,C600k_L0k_M1100k_V4,600000,0,1100000,V4,100000,30,2.50,1800551.08,100224.08,21035.52,1741100.27,-124251.83,6.01%
306,182,C200k_L100k_M1400k_V1,200000,100000,1400000,V1,5000,264,22.00,2442320.42,1314557.75,219386.99,1741454.18,-123897.92,7.81%
307,312,C300k_L1100k_M300k_V1,300000,1100000,300000,V1,5000,290,24.17,2290942.83,943609.69,83212.50,1741720.65,-123631.45,7.03%
308,465,C500k_L1200k_M0k_V4,500000,1200000,0,V4,100000,33,2.75,1811163.50,98697.50,0.00,1741814.14,-123537.96,5.97%
309,490,C600k_L400k_M700k_V4,600000,400000,700000,V4,100000,33,2.75,1803134.56,100556.24,20884.90,1741858.77,-123493.33,6.02%
310,485,C600k_L300k_M800k_V4,600000,300000,800000,V4,100000,33,2.75,1803187.98,101403.64,21678.87,1741994.93,-123357.17,6.02%
311,475,C600k_L100k_M1000k_V4,600000,100000,1000000,V4,100000,32,2.67,1802670.94,101213.53,21310.00,1742364.59,-122987.51,6.01%
312,311,C300k_L1100k_M300k_V0,300000,1100000,300000,V0,0,360,30.00,2481342.04,1304482.39,92685.27,1742398.27,-122953.83,9.11%
313,495,C600k_L500k_M600k_V4,600000,500000,600000,V4,100000,33,2.75,1803675.83,99183.54,18970.93,1742453.52,-122898.58,6.02%
314,480,C600k_L200k_M900k_V4,600000,200000,900000,V4,100000,33,2.75,1803567.33,101643.45,21539.34,1742654.98,-122697.12,6.01%
315,279,C300k_L400k_M1000k_V3,300000,400000,1000000,V3,40000,87,7.25,1946714.45,345721.69,65151.62,1742757.33,-122594.77,6.18%
316,314,C300k_L1100k_M300k_V3,300000,1100000,300000,V3,40000,87,7.25,1936904.04,300219.88,29460.22,1743080.90,-122271.20,6.13%
317,500,C600k_L600k_M500k_V4,600000,600000,500000,V4,100000,33,2.75,1804170.18,97364.49,16657.53,1743121.95,-122230.15,6.01%
318,505,C600k_L700k_M400k_V4,600000,700000,400000,V4,100000,33,2.75,1804666.79,95174.76,13971.19,1743874.39,-121477.71,6.00%
319,293,C300k_L700k_M700k_V2,300000,700000,700000,V2,15000,183,15.25,2146081.73,680488.74,123202.82,1744399.10,-120953.00,6.73%
320,510,C600k_L800k_M300k_V4,600000,800000,300000,V4,100000,33,2.75,1805212.44,92686.87,10937.65,1744720.20,-120631.90,6.00%
321,316,C300k_L1200k_M200k_V0,300000,1200000,200000,V0,0,360,30.00,2466988.84,1259234.10,61790.18,1745061.50,-120290.60,8.37%
322,319,C300k_L1200k_M200k_V3,300000,1200000,200000,V3,40000,87,7.25,1936989.55,291002.06,20156.90,1745090.18,-120261.92,6.10%
323,530,C700k_L0k_M1000k_V4,700000,0,1000000,V4,100000,29,2.42,1795606.06,84073.87,18723.58,1745277.64,-120074.46,6.00%
324,288,C300k_L600k_M800k_V2,300000,600000,800000,V2,15000,182,15.17,2153984.78,699012.89,134881.03,1745386.65,-119965.45,6.78%
325,274,C300k_L300k_M1100k_V3,300000,300000,1100000,V3,40000,85,7.08,1948187.44,345327.91,64362.69,1745412.85,-119939.25,6.16%
326,183,C200k_L100k_M1400k_V2,200000,100000,1400000,V2,15000,162,13.50,2174677.30,761807.24,130375.66,1745623.55,-119728.55,6.39%
327,515,C600k_L900k_M200k_V4,600000,900000,200000,V4,100000,33,2.75,1805851.57,89970.23,7581.88,1745664.50,-119687.60,5.99%
328,540,C700k_L200k_M800k_V4,700000,200000,800000,V4,100000,30,2.50,1797368.44,85217.85,19161.31,1745837.97,-119514.13,6.01%
329,545,C700k_L300k_M700k_V4,700000,300000,700000,V4,100000,30,2.50,1797721.72,84796.21,18386.39,1745986.12,-119365.98,6.01%
330,535,C700k_L100k_M900k_V4,700000,100000,900000,V4,100000,30,2.50,1797333.45,85005.82,18984.26,1746214.85,-119137.25,6.01%
331,298,C300k_L800k_M600k_V2,300000,800000,600000,V2,15000,183,15.25,2141354.28,660942.32,108383.86,1746346.31,-119005.79,6.65%
332,550,C700k_L400k_M600k_V4,700000,400000,600000,V4,100000,30,2.50,1798267.25,83824.68,16869.32,1746496.88,-118855.22,6.01%
333,178,C200k_L0k_M1500k_V2,200000,0,1500000,V2,15000,153,12.75,2152592.87,719098.90,122725.58,1746579.02,-118773.08,6.33%
334,520,C600k_L1000k_M100k_V4,600000,1000000,100000,V4,100000,33,2.75,1806626.30,87091.23,3928.15,1746711.21,-118640.89,5.98%
335,269,C300k_L200k_M1200k_V3,300000,200000,1200000,V3,40000,84,7.00,1947462.68,343086.43,63371.13,1746852.28,-118499.82,6.14%
336,555,C700k_L500k_M500k_V4,700000,500000,500000,V4,100000,30,2.50,1798756.59,82383.64,14938.95,1747080.40,-118271.70,6.00%
337,259,C300k_L0k_M1400k_V3,300000,0,1400000,V3,40000,78,6.50,1938279.51,327243.24,60012.00,1747492.80,-117859.30,6.11%
338,321,C300k_L1300k_M100k_V0,300000,1300000,100000,V0,0,360,30.00,2452635.63,1213985.80,30895.09,1747724.74,-117627.36,7.79%
339,560,C700k_L600k_M400k_V4,700000,600000,400000,V4,100000,30,2.50,1799240.00,80550.21,12622.10,1747746.62,-117605.48,6.00%
340,264,C300k_L100k_M1300k_V3,300000,100000,1300000,V3,40000,81,6.75,1944315.77,336789.01,61911.74,1747780.86,-117571.24,6.12%
341,525,C600k_L1100k_M0k_V4,600000,1100000,0,V4,100000,33,2.75,1807576.55,84113.33,0.00,1747867.58,-117484.52,5.97%
342,585,C800k_L0k_M900k_V4,800000,0,900000,V4,100000,27,2.25,1789800.25,69414.62,16659.51,1747882.85,-117469.25,6.00%
343,590,C800k_L100k_M800k_V4,800000,100000,800000,V4,100000,27,2.25,1790638.18,70080.23,16487.18,1748169.03,-117183.07,6.00%
344,303,C300k_L900k_M500k_V2,300000,900000,500000,V2,15000,183,15.25,2134937.14,638205.03,92063.71,1748216.52,-117135.58,6.57%
345,324,C300k_L1300k_M100k_V3,300000,1300000,100000,V3,40000,84,7.00,1938480.73,280929.44,10196.09,1748393.15,-116958.95,6.07%
346,565,C700k_L700k_M300k_V4,700000,700000,300000,V4,100000,30,2.50,1799765.33,78398.26,9944.83,1748505.58,-116846.52,5.99%
347,595,C800k_L200k_M700k_V4,800000,200000,700000,V4,100000,27,2.25,1791299.93,70085.58,15830.79,1748512.39,-116839.71,6.00%
348,680,C1000k_L0k_M700k_V4,1000000,0,700000,V4,100000,21,1.75,1775836.74,43953.61,10548.87,1748893.85,-116458.25,5.98%
349,600,C800k_L300k_M600k_V4,800000,300000,600000,V4,100000,27,2.25,1791841.95,69515.94,14719.13,1748925.93,-116426.17,6.00%
350,685,C1000k_L100k_M600k_V4,1000000,100000,600000,V4,100000,21,1.75,1776348.18,44189.61,10273.43,1749107.44,-116244.66,5.98%
351,635,C900k_L0k_M800k_V4,900000,0,800000,V4,100000,24,2.00,1783272.56,56026.14,13446.27,1749192.80,-116159.30,5.99%
352,570,C700k_L800k_M200k_V4,700000,800000,200000,V4,100000,30,2.50,1800378.02,75998.58,6932.46,1749366.34,-115985.76,5.98%
353,690,C1000k_L200k_M500k_V4,1000000,200000,500000,V4,100000,21,1.75,1776773.38,43883.72,9542.34,1749398.36,-115953.74,5.98%
354,605,C800k_L400k_M500k_V4,800000,400000,500000,V4,100000,27,2.25,1792318.14,68453.16,13180.16,1749421.55,-115930.55,5.99%
355,640,C900k_L100k_M700k_V4,900000,100000,700000,V4,100000,24,2.00,1783934.09,56459.63,13218.24,1749440.38,-115911.72,5.99%
356,645,C900k_L200k_M600k_V4,900000,200000,600000,V4,100000,24,2.00,1784464.77,56292.53,12520.46,1749755.06,-115597.04,5.99%
357,695,C1000k_L300k_M400k_V4,1000000,300000,400000,V4,100000,21,1.75,1777165.89,43117.35,8383.46,1749778.94,-115573.16,5.97%
358,610,C800k_L500k_M400k_V4,800000,500000,400000,V4,100000,27,2.25,1792779.85,66975.77,11241.06,1749999.07,-115353.03,5.99%
359,650,C900k_L300k_M500k_V4,900000,300000,500000,V4,100000,24,2.00,1784919.60,55608.16,11381.26,1750149.52,-115202.58,5.98%
360,177,C200k_L0k_M1500k_V1,200000,0,1500000,V1,5000,243,20.25,2402587.74,1207096.25,200243.54,1750224.58,-115127.52,7.11%
361,700,C1000k_L400k_M300k_V4,1000000,400000,300000,V4,100000,21,1.75,1777576.74,41968.61,6823.87,1750260.45,-115091.65,5.97%
362,575,C700k_L900k_M100k_V4,700000,900000,100000,V4,100000,30,2.50,1801121.23,73418.90,3609.56,1750334.83,-115017.27,5.97%
363,326,C300k_L1400k_M0k_V0,300000,1400000,0,V0,0,360,30.00,2438282.42,1168737.50,0.00,1750387.97,-114964.13,7.32%
364,655,C900k_L400k_M400k_V4,900000,400000,400000,V4,100000,24,2.00,1785351.02,54486.48,9828.16,1750635.35,-114716.75,5.98%
365,615,C800k_L600k_M300k_V4,800000,600000,300000,V4,100000,27,2.25,1793275.97,65159.06,8928.22,1750668.15,-114683.95,5.98%
366,705,C1000k_L500k_M200k_V4,1000000,500000,200000,V4,100000,21,1.75,1778054.54,40512.38,4889.85,1750844.82,-114507.28,5.97%
367,329,C300k_L1400k_M0k_V3,300000,1400000,0,V3,40000,83,6.92,1939743.44,271423.26,0.00,1751152.11,-114199.99,6.04%
368,660,C900k_L500k_M300k_V4,900000,500000,300000,V4,100000,24,2.00,1785809.01,53004.19,7887.88,1751212.06,-114140.04,5.98%
369,580,C700k_L1000k_M0k_V4,700000,1000000,0,V4,100000,30,2.50,1802035.86,70723.96,0.00,1751415.88,-113936.22,5.97%
370,620,C800k_L700k_M200k_V4,800000,700000,200000,V4,100000,27,2.25,1793853.01,63075.16,6267.29,1751438.54,-113913.56,5.98%
371,710,C1000k_L600k_M100k_V4,1000000,600000,100000,V4,100000,21,1.75,1778645.48,38820.43,2606.95,1751541.15,-113810.95,5.96%
372,308,C300k_L1000k_M400k_V2,300000,1000000,400000,V2,15000,180,15.00,2130685.66,613324.52,74568.74,1751859.11,-113492.99,6.48%
373,665,C900k_L600k_M200k_V4,900000,600000,200000,V4,100000,24,2.00,1786341.10,51234.81,5586.40,1751889.03,-113463.07,5.97%
374,625,C800k_L800k_M100k_V4,800000,800000,100000,V4,100000,27,2.25,1794555.12,60793.14,3283.15,1752319.00,-113033.10,5.97%
375,715,C1000k_L700k_M0k_V4,1000000,700000,0,V4,100000,21,1.75,1779393.46,36961.46,0.00,1752358.38,-112993.72,5.95%
376,291,C300k_L700k_M700k_V0,300000,700000,700000,V0,0,360,30.00,2538754.87,1485475.59,216265.64,1752384.71,-112967.39,14.19%
377,670,C900k_L700k_M100k_V4,900000,700000,100000,V4,100000,24,2.00,1786992.48,49248.73,2948.94,1752675.70,-112676.40,5.96%
378,186,C200k_L200k_M1300k_V0,200000,200000,1300000,V0,0,360,30.00,2598388.33,1840446.62,299489.06,1752975.18,-112376.92,3.04%
379,630,C800k_L900k_M0k_V4,800000,900000,0,V4,100000,27,2.25,1795424.20,58379.06,0.00,1753316.28,-112035.82,5.96%
380,317,C300k_L1200k_M200k_V1,300000,1200000,200000,V1,5000,285,23.75,2286220.17,901522.58,55415.42,1753483.76,-111868.34,6.82%
381,675,C900k_L800k_M0k_V4,900000,800000,0,V4,100000,24,2.00,1787806.03,47113.33,0.00,1753580.56,-111771.54,5.96%
382,283,C300k_L500k_M900k_V2,300000,500000,900000,V2,15000,179,14.92,2167853.98,710790.66,135958.06,1753590.26,-111761.84,6.70%
383,277,C300k_L400k_M1000k_V1,300000,400000,1000000,V1,5000,291,24.25,2421115.98,1221307.30,228827.71,1754909.58,-110442.52,8.24%
384,313,C300k_L1100k_M300k_V2,300000,1100000,300000,V2,15000,177,14.75,2126377.53,587462.85,56252.76,1755682.72,-109669.38,6.40%
385,364,C400k_L600k_M700k_V3,400000,600000,700000,V3,40000,84,7.00,1936373.76,294670.72,56463.02,1755764.70,-109587.40,6.19%
386,359,C400k_L500k_M800k_V3,400000,500000,800000,V3,40000,84,7.00,1937403.88,299067.94,59830.12,1756058.30,-109293.80,6.19%
387,369,C400k_L700k_M600k_V3,400000,700000,600000,V3,40000,84,7.00,1936430.21,288666.78,50402.63,1757118.32,-108233.78,6.17%
388,374,C400k_L800k_M500k_V3,400000,800000,500000,V3,40000,84,7.00,1936083.47,281414.22,43496.81,1758544.45,-106807.65,6.15%
389,354,C400k_L400k_M900k_V3,400000,400000,900000,V3,40000,81,6.75,1940586.34,301616.47,59656.14,1759023.20,-106328.90,6.17%
390,318,C300k_L1200k_M200k_V2,300000,1200000,200000,V2,15000,174,14.50,2123861.16,563417.30,37850.95,1759850.50,-105501.61,6.32%
391,379,C400k_L900k_M400k_V3,400000,900000,400000,V3,40000,84,7.00,1936379.94,274311.81,36097.93,1760233.82,-105118.28,6.13%
392,349,C400k_L300k_M1000k_V3,400000,300000,1000000,V3,40000,81,6.75,1941583.28,302044.35,59087.08,1760954.95,-104397.15,6.15%
393,334,C400k_L0k_M1300k_V3,400000,0,1300000,V3,40000,75,6.25,1931369.88,287030.88,54998.36,1761495.53,-103856.57,6.10%
394,384,C400k_L1000k_M300k_V3,400000,1000000,300000,V3,40000,84,7.00,1935720.18,265286.67,27732.55,1761873.20,-103478.90,6.11%
395,278,C300k_L400k_M1000k_V2,300000,400000,1000000,V2,15000,175,14.58,2180173.64,717987.04,135077.93,1762371.52,-102980.58,6.61%
396,339,C400k_L100k_M1200k_V3,400000,100000,1200000,V3,40000,78,6.50,1937518.13,295269.51,56767.61,1762433.18,-102918.92,6.11%
397,344,C400k_L200k_M1100k_V3,400000,200000,1100000,V3,40000,78,6.50,1941311.56,300494.09,58198.76,1762443.59,-102908.51,6.13%
398,389,C400k_L1100k_M200k_V3,400000,1100000,200000,V3,40000,81,6.75,1935887.30,256143.07,18881.79,1764044.38,-101307.72,6.08%
399,394,C400k_L1200k_M100k_V3,400000,1200000,100000,V3,40000,81,6.75,1936336.39,247403.65,9693.28,1766121.45,-99230.65,6.05%
400,322,C300k_L1300k_M100k_V1,300000,1300000,100000,V1,5000,273,22.75,2294303.65,859675.55,27428.06,1766717.11,-98634.99,6.64%
401,286,C300k_L600k_M800k_V0,300000,600000,800000,V0,0,360,30.00,2555187.64,1530723.88,245081.17,1768214.87,-97137.23,14.28%
402,399,C400k_L1300k_M0k_V3,400000,1300000,0,V3,40000,78,6.50,1937461.96,238445.73,0.00,1768666.10,-96686.00,6.03%
403,323,C300k_L1300k_M100k_V2,300000,1300000,100000,V2,15000,165,13.75,2127211.27,538806.46,18829.70,1768961.57,-96390.53,6.25%
404,273,C300k_L300k_M1100k_V2,300000,300000,1100000,V2,15000,171,14.25,2184564.40,715710.93,132459.54,1769050.75,-96301.35,6.52%
405,181,C200k_L100k_M1400k_V0,200000,100000,1400000,V0,0,360,30.00,2638826.97,1885694.92,304298.72,1769293.78,-96058.32,4.84%
406,272,C300k_L300k_M1100k_V1,300000,300000,1100000,V1,5000,284,23.67,2453450.20,1239021.07,227583.13,1771482.39,-93869.71,7.98%
407,424,C500k_L400k_M800k_V3,500000,400000,800000,V3,40000,78,6.50,1932642.56,259952.49,54294.12,1772865.85,-92486.25,6.16%
408,429,C500k_L500k_M700k_V3,500000,500000,700000,V3,40000,78,6.50,1932505.57,256978.72,51457.34,1772872.66,-92479.44,6.16%
409,404,C500k_L0k_M1200k_V3,500000,0,1200000,V3,40000,70,5.83,1922987.83,248859.34,50474.52,1773400.45,-91951.65,6.10%
410,328,C300k_L1400k_M0k_V2,300000,1400000,0,V2,15000,159,13.25,2129745.28,516805.21,0.00,1773876.27,-91475.83,6.18%
411,434,C500k_L600k_M600k_V3,500000,600000,600000,V3,40000,78,6.50,1932962.21,252263.26,46285.23,1774147.30,-91204.80,6.14%
412,419,C500k_L300k_M900k_V3,500000,300000,900000,V3,40000,75,6.25,1933187.35,260952.41,53862.34,1774182.56,-91169.54,6.14%
413,409,C500k_L100k_M1100k_V3,500000,100000,1100000,V3,40000,72,6.00,1929192.26,256025.19,51986.30,1774880.53,-90471.57,6.11%
414,268,C300k_L200k_M1200k_V2,300000,200000,1200000,V2,15000,165,13.75,2185266.93,706920.61,128888.19,1775004.00,-90348.10,6.45%
415,439,C500k_L700k_M500k_V3,500000,700000,500000,V3,40000,78,6.50,1932956.36,246177.33,40205.16,1775489.62,-89862.48,6.13%
416,414,C500k_L200k_M1000k_V3,500000,200000,1000000,V3,40000,75,6.25,1933172.75,260253.90,53178.44,1775495.52,-89856.58,6.12%
417,444,C500k_L800k_M400k_V3,500000,800000,400000,V3,40000,78,6.50,1932714.73,239063.08,33332.54,1776936.14,-88415.96,6.11%
418,327,C300k_L1400k_M0k_V1,300000,1400000,0,V1,5000,252,21.00,2318291.99,821030.00,0.00,1776966.47,-88385.63,6.48%
419,258,C300k_L0k_M1400k_V2,300000,0,1400000,V2,15000,148,12.33,2151301.68,644146.21,115708.71,1777157.40,-88194.70,6.32%
420,263,C300k_L100k_M1300k_V2,300000,100000,1300000,V2,15000,157,13.08,2174396.76,682924.63,123276.87,1777996.94,-87355.16,6.38%
421,449,C500k_L900k_M300k_V3,500000,900000,300000,V3,40000,78,6.50,1933064.74,232031.12,25950.57,1778636.14,-86715.96,6.08%
422,454,C500k_L1000k_M200k_V3,500000,1000000,200000,V3,40000,78,6.50,1932801.08,223527.17,17710.27,1780350.99,-85001.11,6.06%
423,459,C500k_L1100k_M100k_V3,500000,1100000,100000,V3,40000,75,6.25,1932218.20,215168.89,9047.98,1781592.55,-83759.55,6.04%
424,464,C500k_L1200k_M0k_V3,500000,1200000,0,V3,40000,72,6.00,1932168.37,207015.00,0.00,1783006.83,-82345.27,6.01%
425,281,C300k_L500k_M900k_V0,300000,500000,900000,V0,0,360,30.00,2581674.86,1575972.18,263842.24,1784251.67,-81100.43,14.32%
426,469,C600k_L0k_M1100k_V3,600000,0,1100000,V3,40000,66,5.50,1914616.29,213060.56,45075.71,1784344.12,-81007.98,6.09%
427,176,C200k_L0k_M1500k_V0,200000,0,1500000,V0,0,360,30.00,2680024.65,1930943.22,308349.34,1785612.39,-79739.71,5.94%
428,267,C300k_L200k_M1200k_V1,300000,200000,1200000,V1,5000,275,22.92,2473589.30,1237549.16,222390.23,1785709.38,-79642.72,7.65%
429,479,C600k_L200k_M900k_V3,600000,200000,900000,V3,40000,69,5.75,1923405.05,222289.34,47580.72,1786309.19,-79042.91,6.11%
430,489,C600k_L400k_M700k_V3,600000,400000,700000,V3,40000,72,6.00,1925310.11,220794.66,46201.22,1786498.23,-78853.87,6.13%
431,484,C600k_L300k_M800k_V3,600000,300000,800000,V3,40000,72,6.00,1924987.73,222317.88,48046.81,1786573.92,-78778.18,6.13%
432,474,C600k_L100k_M1000k_V3,600000,100000,1000000,V3,40000,69,5.75,1921169.40,218984.15,46511.18,1786665.33,-78686.77,6.10%
433,494,C600k_L500k_M600k_V3,600000,500000,600000,V3,40000,72,6.00,1926150.85,217390.31,41956.12,1787678.91,-77673.19,6.12%
434,499,C600k_L600k_M500k_V3,600000,600000,500000,V3,40000,72,6.00,1926466.49,212489.31,36739.48,1788927.06,-76425.04,6.10%
435,504,C600k_L700k_M400k_V3,600000,700000,400000,V3,40000,72,6.00,1926493.42,206446.53,30669.77,1790275.62,-75076.48,6.08%
436,363,C400k_L600k_M700k_V2,400000,600000,700000,V2,15000,174,14.50,2168196.67,612831.09,116276.96,1790703.53,-74648.57,6.60%
437,529,C700k_L0k_M1000k_V3,700000,0,1000000,V3,40000,60,5.00,1902594.14,179458.00,40121.39,1791261.07,-74091.03,6.08%
438,358,C400k_L500k_M800k_V2,400000,500000,800000,V2,15000,171,14.25,2172967.00,625571.50,125628.81,1791373.78,-73978.32,6.63%
439,509,C600k_L800k_M300k_V3,600000,800000,300000,V3,40000,72,6.00,1926446.64,199588.65,23858.68,1791758.90,-73593.20,6.06%
440,368,C400k_L700k_M600k_V2,400000,700000,600000,V2,15000,174,14.50,2163178.36,593975.44,102439.63,1792403.16,-72948.94,6.53%
441,514,C600k_L900k_M200k_V3,600000,900000,200000,V3,40000,72,6.00,1926941.57,192747.37,16522.47,1793486.25,-71865.85,6.04%
442,519,C600k_L1000k_M100k_V3,600000,1000000,100000,V3,40000,69,5.75,1925187.53,184940.60,8449.49,1793680.73,-71671.37,6.02%
443,373,C400k_L800k_M500k_V2,400000,800000,500000,V2,15000,174,14.50,2158342.19,574285.97,87586.33,1794335.91,-71016.19,6.47%
444,534,C700k_L100k_M900k_V3,700000,100000,900000,V3,40000,63,5.25,1909672.54,184440.75,41331.06,1794488.48,-70863.62,6.09%
445,524,C600k_L1100k_M0k_V3,600000,1100000,0,V3,40000,69,5.75,1926165.39,177468.96,0.00,1795752.45,-69599.65,6.00%
446,539,C700k_L200k_M800k_V3,700000,200000,800000,V3,40000,65,5.42,1913338.60,186752.69,42162.22,1795767.70,-69584.40,6.10%
447,378,C400k_L900k_M400k_V2,400000,900000,400000,V2,15000,174,14.50,2152225.29,551943.74,71361.00,1796247.98,-69104.12,6.40%
448,544,C700k_L300k_M700k_V3,700000,300000,700000,V3,40000,66,5.50,1915402.47,186263.31,40696.09,1796920.45,-68431.65,6.10%
449,262,C300k_L100k_M1300k_V1,300000,100000,1300000,V1,5000,260,21.67,2472646.42,1199912.87,211645.51,1797625.72,-67726.38,7.28%
450,549,C700k_L400k_M600k_V3,700000,400000,600000,V3,40000,66,5.50,1916610.54,184191.83,37416.54,1797996.48,-67355.62,6.09%
451,353,C400k_L400k_M900k_V2,400000,400000,900000,V2,15000,168,14.00,2182572.64,634104.33,125845.07,1798044.37,-67307.73,6.56%
452,383,C400k_L1000k_M300k_V2,400000,1000000,300000,V2,15000,171,14.25,2146987.24,528070.76,54107.83,1799033.58,-66318.52,6.33%
453,554,C700k_L500k_M500k_V3,700000,500000,500000,V3,40000,66,5.50,1917227.64,180493.21,33100.82,1799133.70,-66218.40,6.08%
454,584,C800k_L0k_M900k_V3,800000,0,900000,V3,40000,57,4.75,1893927.96,148383.91,34283.90,1799835.22,-65516.88,6.06%
455,589,C800k_L100k_M800k_V3,800000,100000,800000,V3,40000,57,4.75,1896783.15,152280.10,35324.90,1800095.18,-65256.92,6.07%
456,559,C700k_L600k_M400k_V3,700000,600000,400000,V3,40000,66,5.50,1917499.91,175535.15,27870.49,1800373.84,-64978.26,6.06%
457,276,C300k_L400k_M1000k_V0,300000,400000,1000000,V0,0,360,30.00,2614060.52,1621220.48,276704.88,1800398.05,-64954.05,14.34%
458,257,C300k_L0k_M1400k_V1,300000,0,1400000,V1,5000,237,19.75,2426637.35,1098829.57,192488.50,1801741.94,-63610.16,6.91%
459,564,C700k_L700k_M300k_V3,700000,700000,300000,V3,40000,66,5.50,1917651.68,169656.62,21840.19,1801747.46,-63604.64,6.05%
460,634,C900k_L0k_M800k_V3,900000,0,800000,V3,40000,51,4.25,1879715.09,119856.35,28765.52,1802505.76,-62846.34,6.04%
461,388,C400k_L1100k_M200k_V2,400000,1100000,200000,V2,15000,165,13.75,2143439.56,503923.78,36203.38,1802783.60,-62568.50,6.26%
462,679,C1000k_L0k_M700k_V3,1000000,0,700000,V3,40000,45,3.75,1864465.51,93932.69,22543.85,1802989.62,-62362.48,6.02%
463,569,C700k_L800k_M200k_V3,700000,800000,200000,V3,40000,66,5.50,1917886.58,163169.38,15118.05,1803286.62,-62065.48,6.03%
464,348,C400k_L300k_M1000k_V2,400000,300000,1000000,V2,15000,164,13.67,2186166.28,633778.08,123779.28,1803621.53,-61730.57,6.49%
465,594,C800k_L200k_M700k_V3,800000,200000,700000,V3,40000,60,5.00,1903049.71,153908.25,35004.73,1804027.57,-61324.53,6.07%
466,579,C700k_L1000k_M0k_V3,700000,1000000,0,V3,40000,63,5.25,1916297.23,149734.38,0.00,1804347.78,-61004.32,5.99%
467,599,C800k_L300k_M600k_V3,800000,300000,600000,V3,40000,60,5.00,1904290.09,152811.58,32667.68,1804905.17,-60446.93,6.07%
468,574,C700k_L900k_M100k_V3,700000,900000,100000,V3,40000,66,5.50,1918614.86,156635.15,7855.53,1805060.37,-60291.73,6.01%
469,333,C400k_L0k_M1300k_V2,400000,0,1300000,V2,15000,142,11.83,2148034.60,571718.03,108297.01,1805764.76,-59587.34,6.31%
470,604,C800k_L400k_M500k_V3,800000,400000,500000,V3,40000,60,5.00,1905187.97,150331.95,29290.17,1805920.58,-59431.52,6.06%
471,362,C400k_L600k_M700k_V1,400000,600000,700000,V1,5000,292,24.33,2425573.94,1034899.52,187769.89,1806763.41,-58588.69,7.57%
472,393,C400k_L1200k_M100k_V2,400000,1200000,100000,V2,15000,159,13.25,2141677.25,481643.89,18225.33,1806867.93,-58484.17,6.20%
473,343,C400k_L200k_M1100k_V2,400000,200000,1100000,V2,15000,159,13.25,2184915.76,627335.76,120678.70,1807680.19,-57671.91,6.42%
474,639,C900k_L100k_M700k_V3,900000,100000,700000,V3,40000,54,4.50,1888022.48,122801.33,28884.02,1807924.09,-57428.01,6.05%
475,357,C400k_L500k_M800k_V1,400000,500000,800000,V1,5000,289,24.08,2442288.79,1068977.00,208483.92,1807990.35,-57361.75,7.74%
476,609,C800k_L500k_M400k_V3,800000,500000,400000,V3,40000,61,5.08,1907175.81,146478.73,24937.34,1808262.08,-57090.02,6.05%
477,614,C800k_L600k_M300k_V3,800000,600000,300000,V3,40000,60,5.00,1906005.11,141580.22,19721.30,1808283.94,-57068.16,6.03%
478,367,C400k_L700k_M600k_V1,400000,700000,600000,V1,5000,292,24.33,2409681.45,993656.60,162419.46,1808479.19,-56872.91,7.34%
479,338,C400k_L100k_M1200k_V2,400000,100000,1200000,V2,15000,151,12.58,2172505.39,606551.43,115474.10,1808724.71,-56627.39,6.36%
480,644,C900k_L200k_M600k_V3,900000,200000,600000,V3,40000,54,4.50,1890058.29,123710.36,27757.24,1808762.31,-56589.79,6.04%
481,684,C1000k_L100k_M600k_V3,1000000,100000,600000,V3,40000,48,4.00,1873164.68,96125.69,22481.87,1809218.16,-56133.94,6.02%
482,649,C900k_L300k_M500k_V3,900000,300000,500000,V3,40000,54,4.50,1890944.97,122148.29,25308.49,1809568.22,-55783.88,6.04%
483,629,C800k_L900k_M0k_V3,800000,900000,0,V3,40000,57,4.75,1903731.69,123903.75,0.00,1809569.19,-55782.91,5.98%
484,619,C800k_L700k_M200k_V3,800000,700000,200000,V3,40000,60,5.00,1906370.80,135983.17,13758.56,1809699.47,-55652.63,6.02%
485,689,C1000k_L200k_M500k_V3,1000000,200000,500000,V3,40000,48,4.00,1874674.28,96342.33,21188.91,1809949.54,-55402.56,6.02%
486,694,C1000k_L300k_M400k_V3,1000000,300000,400000,V3,40000,48,4.00,1875311.72,94452.31,18661.46,1810704.87,-54647.23,6.01%
487,372,C400k_L800k_M500k_V1,400000,800000,500000,V1,5000,291,24.25,2395070.30,951750.70,136256.87,1810803.08,-54549.02,7.14%
488,398,C400k_L1300k_M0k_V2,400000,1300000,0,V2,15000,153,12.75,2140993.11,460349.38,0.00,1811164.89,-54187.21,6.14%
489,624,C800k_L800k_M100k_V3,800000,800000,100000,V3,40000,60,5.00,1906971.42,129977.14,7151.91,1811310.25,-54041.85,6.00%
490,659,C900k_L500k_M300k_V3,900000,500000,300000,V3,40000,54,4.50,1892103.17,115500.60,17502.59,1811650.19,-53701.91,6.02%
491,699,C1000k_L400k_M300k_V3,1000000,400000,300000,V3,40000,48,4.00,1875895.10,91558.87,15184.63,1811656.77,-53695.33,6.00%
492,654,C900k_L400k_M400k_V3,900000,400000,400000,V3,40000,55,4.58,1893462.54,119399.04,21866.27,1812077.11,-53274.99,6.03%
493,704,C1000k_L500k_M200k_V3,1000000,500000,200000,V3,40000,48,4.00,1876430.20,87752.36,10843.02,1812778.91,-52573.19,5.99%
494,664,C900k_L600k_M200k_V3,900000,600000,200000,V3,40000,54,4.50,1892569.14,110797.39,12333.42,1812930.04,-52422.06,6.00%
495,377,C400k_L900k_M400k_V1,400000,900000,400000,V1,5000,291,24.25,2380370.77,910530.52,109736.23,1813257.46,-52094.64,6.95%
496,709,C1000k_L600k_M100k_V3,1000000,600000,100000,V3,40000,48,4.00,1877127.25,83353.22,5746.82,1814105.78,-51246.32,5.98%
497,669,C900k_L700k_M100k_V3,900000,700000,100000,V3,40000,54,4.50,1893234.97,105595.27,6465.47,1814407.39,-50944.71,5.99%
498,714,C1000k_L700k_M0k_V3,1000000,700000,0,V3,40000,48,4.00,1878176.69,78655.83,0.00,1815661.14,-49690.96,5.97%
499,674,C900k_L800k_M0k_V3,900000,800000,0,V3,40000,54,4.50,1894282.67,100177.50,0.00,1816112.46,-49239.64,5.97%
500,271,C300k_L300k_M1100k_V0,300000,300000,1100000,V0,0,360,30.00,2649765.78,1666468.78,286247.92,1816591.91,-48760.19,14.36%
501,382,C400k_L1000k_M300k_V1,400000,1000000,300000,V1,5000,285,23.75,2371364.94,867343.49,82316.19,1817663.77,-47688.33,6.78%
502,352,C400k_L400k_M900k_V1,400000,400000,900000,V1,5000,286,23.83,2468256.57,1100507.51,217451.82,1818796.61,-46555.49,7.68%
503,387,C400k_L1100k_M200k_V1,400000,1100000,200000,V1,5000,277,23.08,2364213.82,823757.88,54448.07,1823300.37,-42051.73,6.63%
504,423,C500k_L400k_M800k_V2,500000,400000,800000,V2,15000,162,13.50,2181493.10,553112.35,115547.35,1831045.83,-34306.27,6.51%
505,428,C500k_L500k_M700k_V2,500000,500000,700000,V2,15000,165,13.75,2179594.18,543370.52,107980.14,1831272.40,-34079.70,6.49%
506,403,C500k_L0k_M1200k_V2,500000,0,1200000,V2,15000,135,11.25,2141822.45,502007.14,100343.76,1831684.57,-33667.54,6.29%
507,371,C400k_L800k_M500k_V0,400000,800000,500000,V0,0,360,30.00,2638681.35,1311497.74,154475.46,1832113.32,-33238.78,8.72%
508,392,C400k_L1200k_M100k_V1,400000,1200000,100000,V1,5000,267,22.25,2361493.96,783425.80,27072.19,1832122.85,-33229.25,6.48%
509,266,C300k_L200k_M1200k_V0,300000,200000,1200000,V0,0,360,30.00,2687700.46,1711717.08,293561.54,1832845.31,-32506.79,14.37%
510,347,C400k_L300k_M1000k_V1,400000,300000,1000000,V1,5000,279,23.25,2494821.46,1119624.84,217653.10,1832983.17,-32368.93,7.49%
511,433,C500k_L600k_M600k_V2,500000,600000,600000,V2,15000,165,13.75,2177653.38,529798.79,96349.21,1833224.42,-32127.68,6.44%
512,366,C400k_L700k_M600k_V0,400000,700000,600000,V0,0,360,30.00,2653034.56,1356746.04,185370.55,1834545.22,-30806.88,9.11%
513,376,C400k_L900k_M400k_V0,400000,900000,400000,V0,0,360,30.00,2624328.15,1266249.44,123580.37,1834776.55,-30575.55,8.22%
514,438,C500k_L700k_M500k_V2,500000,700000,500000,V2,15000,165,13.75,2172585.51,510877.94,82496.23,1834917.51,-30434.59,6.38%
515,418,C500k_L300k_M900k_V2,500000,300000,900000,V2,15000,157,13.08,2183671.43,554685.80,114316.48,1835067.46,-30284.64,6.45%
516,408,C500k_L100k_M1100k_V2,500000,100000,1100000,V2,15000,144,12.00,2167420.03,532915.31,107026.98,1836720.20,-28631.90,6.34%
517,443,C500k_L800k_M400k_V2,500000,800000,400000,V2,15000,165,13.75,2167853.60,491325.65,67675.86,1836865.41,-28486.69,6.33%
518,381,C400k_L1000k_M300k_V0,400000,1000000,300000,V0,0,360,30.00,2609974.94,1221001.14,92685.27,1837439.79,-27912.31,7.80%
519,413,C500k_L200k_M1000k_V2,500000,200000,1000000,V2,15000,152,12.67,2181447.24,550490.45,111783.99,1837753.28,-27598.82,6.39%
520,448,C500k_L900k_M300k_V2,500000,900000,300000,V2,15000,162,13.50,2162024.31,469724.62,51628.41,1838692.10,-26660.00,6.27%
521,386,C400k_L1100k_M200k_V0,400000,1100000,200000,V0,0,360,30.00,2595621.74,1175752.85,61790.18,1840103.02,-25249.08,7.44%
522,453,C500k_L1000k_M200k_V2,500000,1000000,200000,V2,15000,159,13.25,2156164.67,447313.42,34726.07,1840626.71,-24725.39,6.21%
523,397,C400k_L1300k_M0k_V1,400000,1300000,0,V1,5000,247,20.58,2368979.19,745391.98,0.00,1840955.70,-24396.40,6.35%
524,458,C500k_L1100k_M100k_V2,500000,1100000,100000,V2,15000,153,12.75,2150945.93,425462.88,17372.77,1842608.81,-22743.29,6.16%
525,391,C400k_L1200k_M100k_V0,400000,1200000,100000,V0,0,360,30.00,2581268.53,1130504.55,30895.09,1842766.26,-22585.84,7.12%
526,342,C400k_L200k_M1100k_V1,400000,200000,1100000,V1,5000,270,22.50,2509331.20,1120405.56,213264.93,1844316.19,-21035.91,7.29%
527,463,C500k_L1200k_M0k_V2,500000,1200000,0,V2,15000,144,12.00,2147236.69,405705.00,0.00,1844630.15,-20721.95,6.10%
528,396,C400k_L1300k_M0k_V0,400000,1300000,0,V0,0,360,30.00,2566915.32,1085256.25,0.00,1845429.49,-19922.61,6.84%
529,261,C300k_L100k_M1300k_V0,300000,100000,1300000,V0,0,360,30.00,2727021.23,1756965.37,299489.06,1849098.70,-16253.40,14.37%
530,361,C400k_L600k_M700k_V0,400000,600000,700000,V0,0,360,30.00,2667387.77,1401994.34,216265.64,1849262.46,-16089.64,8.91%
531,332,C400k_L0k_M1300k_V1,400000,0,1300000,V1,5000,231,19.25,2444977.69,992226.85,183796.58,1851069.15,-14282.95,6.79%
532,337,C400k_L100k_M1200k_V1,400000,100000,1200000,V1,5000,255,21.25,2500294.08,1086608.34,202806.55,1852543.76,-12808.34,7.04%
533,468,C600k_L0k_M1100k_V2,600000,0,1100000,V2,15000,129,10.75,2132958.62,435232.97,91722.38,1854971.01,-10381.09,6.27%
534,473,C600k_L100k_M1000k_V2,600000,100000,1000000,V2,15000,138,11.50,2159701.34,462225.05,97908.88,1862182.06,-3170.04,6.31%
535,483,C600k_L300k_M800k_V2,600000,300000,800000,V2,15000,150,12.50,2177999.79,478717.31,103884.80,1863788.51,-1563.59,6.40%
536,478,C600k_L200k_M900k_V2,600000,200000,900000,V2,15000,144,12.00,2173785.30,476700.74,102108.53,1864389.70,-962.40,6.36%
537,356,C400k_L500k_M800k_V0,400000,500000,800000,V0,0,360,30.00,2683820.54,1447242.63,245081.17,1864858.86,-493.24,8.62%
538,256,C300k_L0k_M1400k_V0,300000,0,1400000,V0,0,360,30.00,2767459.88,1802213.67,304298.72,1865352.10,0.00,N/A
539,488,C600k_L400k_M700k_V2,600000,400000,700000,V2,15000,153,12.75,2181455.84,475352.47,98964.54,1865411.31,59.21,6.40%
540,493,C600k_L500k_M600k_V2,600000,500000,600000,V2,15000,156,13.00,2182425.39,464587.43,89072.20,1868403.28,3051.18,6.36%
541,498,C600k_L600k_M500k_V2,600000,600000,500000,V2,15000,156,13.00,2180005.97,450385.92,77290.12,1870286.25,4934.15,6.32%
542,503,C600k_L700k_M400k_V2,600000,700000,400000,V2,15000,156,13.00,2175098.69,431676.37,63487.85,1872002.72,6650.62,6.27%
543,508,C600k_L800k_M300k_V2,600000,800000,300000,V2,15000,153,12.75,2168856.32,412560.68,48772.26,1872867.55,7515.45,6.22%
544,518,C600k_L1000k_M100k_V2,600000,1000000,100000,V2,15000,144,12.00,2154391.95,371802.25,16603.39,1873701.68,8349.58,6.12%
545,513,C600k_L900k_M200k_V2,600000,900000,200000,V2,15000,150,12.50,2162329.46,392179.85,33017.66,1873819.57,8467.47,6.17%
546,523,C600k_L1100k_M0k_V2,600000,1100000,0,V2,15000,138,11.50,2148461.53,353076.35,0.00,1874048.78,8696.68,6.07%
547,528,C700k_L0k_M1000k_V2,700000,0,1000000,V2,15000,122,10.17,2121134.32,371589.78,82313.09,1875291.94,9939.84,6.24%
548,351,C400k_L400k_M900k_V0,400000,400000,900000,V0,0,360,30.00,2710307.76,1492490.93,263842.24,1880754.07,15401.97,8.28%
549,427,C500k_L500k_M700k_V1,500000,500000,700000,V1,5000,283,23.58,2500149.05,948577.05,181667.49,1882755.51,17403.41,7.20%
550,422,C500k_L400k_M800k_V1,500000,400000,800000,V1,5000,280,23.33,2514139.96,980842.49,200866.23,1883206.41,17854.31,7.32%
551,533,C700k_L100k_M900k_V2,700000,100000,900000,V2,15000,130,10.83,2147685.30,394738.46,87977.73,1883885.29,18533.19,6.28%
552,432,C500k_L600k_M600k_V1,500000,600000,600000,V1,5000,285,23.75,2487764.85,913942.88,158740.29,1884488.95,19136.85,7.05%
553,437,C500k_L700k_M500k_V1,500000,700000,500000,V1,5000,285,23.75,2471924.18,872768.14,133406.23,1886210.01,20857.91,6.89%
554,442,C500k_L800k_M400k_V1,500000,800000,400000,V1,5000,283,23.58,2457074.55,831147.05,107311.99,1888382.10,23030.00,6.75%
555,538,C700k_L200k_M800k_V2,700000,200000,800000,V2,15000,137,11.42,2163671.24,406179.76,91447.70,1888544.34,23192.24,6.32%
556,447,C500k_L900k_M300k_V1,500000,900000,300000,V1,5000,280,23.33,2443639.03,790373.98,80898.65,1890899.81,25547.71,6.61%
557,583,C800k_L0k_M900k_V2,800000,0,900000,V2,15000,114,9.50,2105683.82,311463.91,72054.08,1891948.60,26596.50,6.21%
558,543,C700k_L300k_M700k_V2,700000,300000,700000,V2,15000,141,11.75,2171202.23,406178.90,88466.96,1891997.27,26645.16,6.32%
559,417,C500k_L300k_M900k_V1,500000,300000,900000,V1,5000,274,22.83,2531429.71,1001397.03,205836.00,1892595.55,27243.45,7.22%
560,452,C500k_L1000k_M200k_V1,500000,1000000,200000,V1,5000,273,22.75,2430807.58,748407.16,53771.47,1893866.66,28514.56,6.49%
561,548,C700k_L400k_M600k_V2,700000,400000,600000,V2,15000,144,12.00,2176865.88,401172.81,81161.42,1896238.27,30886.17,6.29%
562,346,C400k_L300k_M1000k_V0,400000,300000,1000000,V0,0,360,30.00,2742693.42,1537739.23,276704.88,1896774.47,31422.37,7.86%
563,457,C500k_L1100k_M100k_V1,500000,1100000,100000,V1,5000,261,21.75,2419996.45,707342.49,26508.37,1897495.67,32143.57,6.37%
564,402,C500k_L0k_M1200k_V1,500000,0,1200000,V1,5000,225,18.75,2458210.53,887541.14,174047.12,1897696.99,32344.89,6.71%
565,578,C700k_L1000k_M0k_V2,700000,1000000,0,V2,15000,129,10.75,2142428.34,302621.46,0.00,1897723.84,32371.74,6.05%
566,553,C700k_L500k_M500k_V2,700000,500000,500000,V2,15000,147,12.25,2178886.94,389586.05,71071.87,1900221.86,34869.76,6.26%
567,568,C700k_L800k_M200k_V2,700000,800000,200000,V2,15000,141,11.75,2161169.66,338732.99,31053.62,1901592.36,36240.26,6.13%
568,563,C700k_L700k_M300k_V2,700000,700000,300000,V2,15000,144,12.00,2168216.59,356904.76,45542.67,1901630.90,36278.80,6.18%
569,573,C700k_L900k_M100k_V2,700000,900000,100000,V2,15000,138,11.50,2154493.16,320136.48,15727.26,1901739.14,36387.04,6.09%
570,412,C500k_L200k_M1000k_V1,500000,200000,1000000,V1,5000,264,22.00,2540389.68,1004564.67,202547.03,1901779.73,36427.63,7.06%
571,462,C500k_L1200k_M0k_V1,500000,1200000,0,V1,5000,240,20.00,2413528.27,670625.00,0.00,1901898.94,36546.84,6.27%
572,558,C700k_L600k_M400k_V2,700000,600000,400000,V2,15000,147,12.25,2176219.55,375058.27,59211.49,1902067.92,36715.82,6.22%
573,588,C800k_L100k_M800k_V2,800000,100000,800000,V2,15000,122,10.17,2132819.30,330811.96,76918.00,1902591.02,37238.92,6.24%
574,633,C900k_L0k_M800k_V2,900000,0,800000,V2,15000,105,8.75,2085734.80,255076.51,60854.98,1904103.97,38751.87,6.17%
575,407,C500k_L100k_M1100k_V1,500000,100000,1100000,V1,5000,249,20.75,2523649.74,974837.11,192751.35,1905459.38,40107.28,6.90%
576,593,C800k_L200k_M700k_V2,800000,200000,700000,V2,15000,129,10.75,2152375.40,339345.89,77136.21,1911566.16,46214.06,6.25%
577,678,C1000k_L0k_M700k_V2,1000000,0,700000,V2,15000,96,8.00,2063231.15,202846.91,48683.26,1912806.51,47454.41,6.12%
578,341,C400k_L200k_M1100k_V0,400000,200000,1100000,V0,0,360,30.00,2778398.68,1582987.53,286247.92,1912920.84,47568.74,7.36%
579,628,C800k_L900k_M0k_V2,800000,900000,0,V2,15000,120,10.00,2130293.45,254606.25,0.00,1916042.63,50690.53,6.03%
580,598,C800k_L300k_M600k_V2,800000,300000,600000,V2,15000,132,11.00,2160415.84,337449.64,71971.94,1916633.97,51281.87,6.23%
581,638,C900k_L100k_M700k_V2,900000,100000,700000,V2,15000,114,9.50,2116685.31,270788.80,63772.01,1919428.91,54076.81,6.18%
582,603,C800k_L400k_M500k_V2,800000,400000,500000,V2,15000,135,11.25,2166581.01,331035.22,64328.40,1921795.05,56442.95,6.21%
583,623,C800k_L800k_M100k_V2,800000,800000,100000,V2,15000,129,10.75,2146098.57,270645.45,14712.61,1923150.66,57798.56,6.07%
584,608,C800k_L500k_M400k_V2,800000,500000,400000,V2,15000,135,11.25,2164670.94,318905.21,54108.47,1923497.45,58145.34,6.18%
585,618,C800k_L700k_M200k_V2,800000,700000,200000,V2,15000,132,11.00,2153395.71,287293.55,28835.98,1924020.11,58668.01,6.10%
586,613,C800k_L600k_M300k_V2,800000,600000,300000,V2,15000,135,11.25,2162012.75,304389.54,42250.99,1925345.62,59993.52,6.14%
587,436,C500k_L700k_M500k_V0,500000,700000,500000,V0,0,360,30.00,2767314.26,1228016.49,154475.46,1927154.84,61802.73,7.81%
588,643,C900k_L200k_M600k_V2,900000,200000,600000,V2,15000,119,9.92,2134279.34,276536.30,62061.91,1928705.56,63353.46,6.18%
589,336,C400k_L100k_M1200k_V0,400000,100000,1200000,V0,0,360,30.00,2816333.36,1628235.83,293561.54,1929067.22,63715.12,6.74%
590,673,C900k_L800k_M0k_V2,900000,800000,0,V2,15000,111,9.25,2112912.34,209342.92,0.00,1929210.65,63858.55,6.01%
591,683,C1000k_L100k_M600k_V2,1000000,100000,600000,V2,15000,104,8.67,2093109.54,215041.30,50392.61,1929306.59,63954.49,6.12%
592,441,C500k_L800k_M400k_V0,500000,800000,400000,V0,0,360,30.00,2752961.05,1182768.19,123580.37,1929818.07,64465.97,7.51%
593,431,C500k_L600k_M600k_V0,500000,600000,600000,V0,0,360,30.00,2781667.46,1273264.79,185370.55,1931886.15,66534.05,7.81%
594,446,C500k_L900k_M300k_V0,500000,900000,300000,V0,0,360,30.00,2738607.84,1137519.89,92685.27,1932481.30,67129.20,7.25%
595,668,C900k_L700k_M100k_V2,900000,700000,100000,V2,15000,117,9.75,2125846.09,223653.81,13562.44,1935115.73,69763.63,6.04%
596,451,C500k_L1000k_M200k_V0,500000,1000000,200000,V0,0,360,30.00,2724254.64,1092271.60,61790.18,1935144.54,69792.44,7.01%
597,648,C900k_L300k_M500k_V2,900000,300000,500000,V2,15000,123,10.25,2144550.39,272974.98,56498.02,1936042.90,70690.80,6.16%
598,713,C1000k_L700k_M0k_V2,1000000,700000,0,V2,15000,102,8.50,2090756.16,167143.65,0.00,1937185.49,71833.39,5.99%
599,456,C500k_L1100k_M100k_V0,500000,1100000,100000,V0,0,360,30.00,2709901.43,1047023.30,30895.09,1937807.77,72455.67,6.79%
600,688,C1000k_L200k_M500k_V2,1000000,200000,500000,V2,15000,108,9.00,2108343.29,218261.79,48076.03,1938180.38,72828.28,6.12%
601,653,C900k_L400k_M400k_V2,900000,400000,400000,V2,15000,124,10.33,2146977.09,265400.93,48576.17,1939235.71,73883.61,6.14%
602,461,C500k_L1200k_M0k_V0,500000,1200000,0,V0,0,360,30.00,2695548.22,1001775.00,0.00,1940471.01,75118.91,6.59%
603,658,C900k_L500k_M300k_V2,900000,500000,300000,V2,15000,124,10.33,2144948.77,253115.32,38318.89,1940919.81,75567.71,6.11%
604,663,C900k_L600k_M200k_V2,900000,600000,200000,V2,15000,123,10.25,2140585.81,239091.94,26579.57,1941424.00,76071.90,6.08%
605,467,C600k_L0k_M1100k_V1,600000,0,1100000,V1,5000,219,18.25,2467005.53,785015.39,163043.13,1941874.72,76522.62,6.64%
606,693,C1000k_L300k_M400k_V2,1000000,300000,400000,V2,15000,111,9.25,2116750.49,213321.35,42181.15,1944973.09,79620.99,6.10%
607,708,C1000k_L600k_M100k_V2,1000000,600000,100000,V2,15000,108,9.00,2105798.83,180051.06,12409.75,1945170.67,79818.57,6.02%
608,331,C400k_L0k_M1300k_V0,400000,0,1300000,V0,0,360,30.00,2855654.13,1673484.12,299489.06,1945297.40,79945.30,5.94%
609,426,C500k_L500k_M700k_V0,500000,500000,700000,V0,0,360,30.00,2796020.67,1318513.09,216265.64,1946256.09,80903.99,7.60%
610,703,C1000k_L500k_M200k_V2,1000000,500000,200000,V2,15000,111,9.25,2114722.63,193004.68,23892.34,1948388.71,83036.61,6.05%
611,698,C1000k_L400k_M300k_V2,1000000,400000,300000,V2,15000,113,9.42,2121462.80,204952.56,34068.57,1950142.80,84790.70,6.08%
612,482,C600k_L300k_M800k_V1,600000,300000,800000,V1,5000,267,22.25,2565099.64,884611.42,189858.68,1951516.64,86164.54,7.02%
613,487,C600k_L400k_M700k_V1,600000,400000,700000,V1,5000,273,22.75,2561239.21,862569.80,174560.35,1953104.39,87752.29,6.96%
614,492,C600k_L500k_M600k_V1,600000,500000,600000,V1,5000,276,23.00,2551047.81,829622.60,153118.42,1955445.09,90092.99,6.84%
615,472,C600k_L100k_M1000k_V1,600000,100000,1000000,V1,5000,242,20.17,2541248.95,864837.08,181195.15,1955680.88,90328.78,6.76%
616,477,C600k_L200k_M900k_V1,600000,200000,900000,V1,5000,258,21.50,2566252.44,890266.71,189942.07,1956888.18,91536.08,6.89%
617,497,C600k_L600k_M500k_V1,600000,600000,500000,V1,5000,278,23.17,2539987.24,794509.08,130076.18,1957837.80,92485.69,6.72%
618,522,C600k_L1100k_M0k_V1,600000,1100000,0,V1,5000,234,19.50,2450262.30,596890.94,0.00,1958873.83,93521.73,6.20%
619,502,C600k_L700k_M400k_V1,600000,700000,400000,V1,5000,276,23.00,2523355.02,753622.71,104811.33,1959160.31,93808.21,6.60%
620,507,C600k_L800k_M300k_V1,600000,800000,300000,V1,5000,273,22.75,2507019.82,712666.79,78876.73,1960554.63,95202.53,6.49%
621,517,C600k_L1000k_M100k_V1,600000,1000000,100000,V1,5000,255,21.25,2471443.23,633180.85,26117.15,1961242.80,95890.70,6.29%
622,512,C600k_L900k_M200k_V1,600000,900000,200000,V1,5000,267,22.25,2490530.96,672885.48,52701.41,1961529.67,96177.57,6.39%
623,421,C500k_L400k_M800k_V0,500000,400000,800000,V0,0,360,30.00,2812453.44,1363761.38,245081.17,1961624.53,96272.43,7.35%
624,416,C500k_L300k_M900k_V0,500000,300000,900000,V0,0,360,30.00,2838940.66,1409009.68,263842.24,1977358.48,112006.38,7.07%
625,527,C700k_L0k_M1000k_V1,700000,0,1000000,V1,5000,211,17.58,2470024.64,684979.14,150309.98,1982890.44,117538.34,6.53%
626,411,C500k_L200k_M1000k_V0,500000,200000,1000000,V0,0,360,30.00,2871326.32,1454257.98,276704.88,1993293.28,127941.18,6.74%
627,532,C700k_L100k_M900k_V1,700000,100000,900000,V1,5000,235,19.58,2553477.35,756936.94,167590.57,2003409.51,138057.41,6.62%
628,537,C700k_L200k_M800k_V1,700000,200000,800000,V1,5000,250,20.83,2585708.71,777813.63,174328.21,2008860.89,143508.79,6.73%
629,406,C500k_L100k_M1100k_V0,500000,100000,1100000,V0,0,360,30.00,2907031.58,1499506.28,286247.92,2009297.26,143945.16,6.37%
630,577,C700k_L1000k_M0k_V1,700000,1000000,0,V1,5000,225,18.75,2476433.56,524359.38,0.00,2010354.83,145002.73,6.15%
631,542,C700k_L300k_M700k_V1,700000,300000,700000,V1,5000,260,21.67,2599659.17,769557.78,164325.37,2015236.57,149884.47,6.77%
632,572,C700k_L900k_M100k_V1,700000,900000,100000,V1,5000,246,20.50,2511473.16,559541.85,25498.94,2019675.12,154323.02,6.23%
633,582,C800k_L0k_M900k_V1,800000,0,900000,V1,5000,202,16.83,2466317.89,587825.80,135506.09,2020164.45,154812.35,6.43%
634,547,C700k_L400k_M600k_V1,700000,400000,600000,V1,5000,266,22.17,2601135.32,746021.33,146588.72,2020556.50,155204.40,6.68%
635,496,C600k_L600k_M500k_V0,600000,600000,500000,V0,0,360,30.00,2895947.16,1144535.24,154475.46,2022196.35,156844.25,7.29%
636,552,C700k_L500k_M500k_V1,700000,500000,500000,V1,5000,267,22.25,2590442.69,712502.01,125009.48,2022836.55,157484.45,6.58%
637,567,C700k_L800k_M200k_V1,700000,800000,200000,V1,5000,258,21.50,2538098.36,597275.56,51182.83,2023869.00,158516.90,6.31%
638,501,C600k_L700k_M400k_V0,600000,700000,400000,V0,0,360,30.00,2881593.95,1099286.94,123580.37,2024859.59,159507.49,7.12%
639,562,C700k_L700k_M300k_V1,700000,700000,300000,V1,5000,264,22.00,2559293.11,636905.29,76799.14,2024960.88,159608.78,6.40%
640,557,C700k_L600k_M400k_V1,700000,600000,400000,V1,5000,268,22.33,2579394.64,677102.64,101898.63,2025318.62,159966.52,6.49%
641,401,C500k_L0k_M1200k_V0,500000,0,1200000,V0,0,360,30.00,2944966.26,1544754.58,293561.54,2025443.64,160091.54,5.94%
642,506,C600k_L800k_M300k_V0,600000,800000,300000,V0,0,360,30.00,2867240.74,1054038.64,92685.27,2027522.82,162170.72,6.93%
643,491,C600k_L500k_M600k_V0,600000,500000,600000,V0,0,360,30.00,2910300.36,1189783.54,185370.55,2029252.67,163900.57,7.15%
644,511,C600k_L900k_M200k_V0,600000,900000,200000,V0,0,360,30.00,2852887.54,1008790.35,61790.18,2030186.06,164833.96,6.75%
645,516,C600k_L1000k_M100k_V0,600000,1000000,100000,V0,0,360,30.00,2838534.33,963542.05,30895.09,2032849.29,167497.19,6.58%
646,521,C600k_L1100k_M0k_V0,600000,1100000,0,V0,0,360,30.00,2824181.12,918293.75,0.00,2035512.53,170160.43,6.43%
647,486,C600k_L400k_M700k_V0,600000,400000,700000,V0,0,360,30.00,2924653.57,1235031.84,216265.64,2043333.82,177981.72,6.95%
648,587,C800k_L100k_M800k_V1,800000,100000,800000,V1,5000,227,18.92,2559560.43,651503.00,151335.43,2048517.14,183165.04,6.51%
649,632,C900k_L0k_M800k_V1,900000,0,800000,V1,5000,192,16.00,2455909.14,494037.88,117838.52,2053763.64,188411.54,6.35%
650,627,C800k_L900k_M0k_V1,800000,900000,0,V1,5000,216,18.00,2492469.95,453296.25,0.00,2056222.69,190870.59,6.10%
651,481,C600k_L300k_M800k_V0,600000,300000,800000,V0,0,360,30.00,2941086.34,1280280.13,245081.17,2058472.46,193120.36,6.74%
652,592,C800k_L200k_M700k_V1,800000,200000,700000,V1,5000,242,20.17,2605114.36,667616.20,149960.39,2064272.24,198920.14,6.60%
653,622,C800k_L800k_M100k_V1,800000,800000,100000,V1,5000,237,19.75,2540085.09,486646.26,24631.80,2072456.43,207104.33,6.17%
654,476,C600k_L200k_M900k_V0,600000,200000,900000,V0,0,360,30.00,2967573.56,1325528.43,263842.24,2074055.05,208702.95,6.50%
655,597,C800k_L300k_M600k_V1,800000,300000,600000,V1,5000,251,20.92,2623977.51,656677.13,137234.01,2074787.48,209435.38,6.55%
656,617,C800k_L700k_M200k_V1,800000,700000,200000,V1,5000,249,20.75,2574839.40,523698.58,49629.53,2080703.67,215351.57,6.25%
657,602,C800k_L400k_M500k_V1,800000,400000,500000,V1,5000,256,21.33,2626760.11,631702.03,119152.09,2081161.09,215808.99,6.48%
658,677,C1000k_L0k_M700k_V1,1000000,0,700000,V1,5000,181,15.08,2438676.23,404197.13,97007.31,2083418.29,218066.19,6.27%
659,607,C800k_L500k_M400k_V1,800000,500000,400000,V1,5000,257,21.42,2616480.86,597816.83,97485.04,2083736.24,218384.14,6.40%
660,612,C800k_L600k_M300k_V1,800000,600000,300000,V1,5000,255,21.25,2600363.73,562488.09,74391.14,2083967.25,218615.15,6.32%
661,471,C600k_L100k_M1000k_V0,600000,100000,1000000,V0,0,360,30.00,2999959.22,1370776.73,276704.88,2089858.10,224506.00,6.24%
662,637,C900k_L100k_M700k_V1,900000,100000,700000,V1,5000,217,18.08,2559894.14,549033.20,128762.64,2091969.03,226616.93,6.41%
663,672,C900k_L800k_M0k_V1,900000,800000,0,V1,5000,207,17.25,2499403.55,384013.75,0.00,2096649.99,231297.89,6.07%
664,466,C600k_L0k_M1100k_V0,600000,0,1100000,V0,0,360,30.00,3035664.48,1416025.03,286247.92,2105832.48,240480.38,5.94%
665,642,C900k_L200k_M600k_V1,900000,200000,600000,V1,5000,232,19.33,2612977.81,560171.12,124173.57,2114356.79,249004.69,6.44%
666,551,C700k_L500k_M500k_V0,700000,500000,500000,V0,0,360,30.00,3024580.06,1061053.99,154475.46,2117237.87,251885.77,6.88%
667,667,C900k_L700k_M100k_V1,900000,700000,100000,V1,5000,228,19.00,2558932.42,415852.28,23746.42,2119740.49,254388.39,6.13%
668,556,C700k_L600k_M400k_V0,700000,600000,400000,V0,0,360,30.00,3010226.85,1015805.69,123580.37,2119901.11,254549.01,6.87%
669,561,C700k_L700k_M300k_V0,700000,700000,300000,V0,0,360,30.00,2995873.64,970557.39,92685.27,2122564.34,257212.24,6.72%
670,566,C700k_L800k_M200k_V0,700000,800000,200000,V0,0,360,30.00,2981520.44,925309.10,61790.18,2125227.57,259875.47,6.58%
671,647,C900k_L300k_M500k_V1,900000,300000,500000,V1,5000,240,20.00,2632927.06,546541.11,110801.37,2126388.83,261036.73,6.39%
672,546,C700k_L400k_M600k_V0,700000,400000,600000,V0,0,360,30.00,3038933.26,1106302.29,185370.55,2126619.19,261267.09,6.73%
673,712,C1000k_L700k_M0k_V1,1000000,700000,0,V1,5000,195,16.25,2488990.52,316908.85,0.00,2126831.11,261479.01,6.04%
674,571,C700k_L900k_M100k_V0,700000,900000,100000,V0,0,360,30.00,2967167.23,880060.80,30895.09,2127890.81,262538.71,6.44%
675,682,C1000k_L100k_M600k_V1,1000000,100000,600000,V1,5000,206,17.17,2549880.85,450142.34,105028.84,2129814.31,264462.21,6.33%
676,576,C700k_L1000k_M0k_V0,700000,1000000,0,V0,0,360,30.00,2952814.02,834812.50,0.00,2130554.04,265201.94,6.32%
677,662,C900k_L600k_M200k_V1,900000,600000,200000,V1,5000,240,20.00,2601204.81,451857.23,47839.74,2132058.44,266706.34,6.20%
678,652,C900k_L400k_M400k_V1,900000,400000,400000,V1,5000,244,20.33,2635442.04,520280.14,92410.83,2133144.63,267792.53,6.33%
679,657,C900k_L500k_M300k_V1,900000,500000,300000,V1,5000,243,20.25,2620682.09,486462.48,70760.00,2133666.57,268314.47,6.26%
680,541,C700k_L300k_M700k_V0,700000,300000,700000,V0,0,360,30.00,3053286.47,1151550.59,216265.64,2140497.70,275145.60,6.56%
681,687,C1000k_L200k_M500k_V1,1000000,200000,500000,V1,5000,220,18.33,2604505.99,456167.63,99212.73,2155173.75,289821.65,6.31%
682,536,C700k_L200k_M800k_V0,700000,200000,800000,V0,0,360,30.00,3069719.24,1196798.88,245081.17,2155437.37,290085.27,6.37%
683,707,C1000k_L600k_M100k_V1,1000000,600000,100000,V1,5000,216,18.00,2559633.17,347268.13,22738.35,2157018.92,291666.82,6.10%
684,702,C1000k_L500k_M200k_V1,1000000,500000,200000,V1,5000,225,18.75,2597741.94,379789.78,45158.55,2168742.42,303390.32,6.15%
685,692,C1000k_L300k_M400k_V1,1000000,300000,400000,V1,5000,228,19.00,2627177.90,439951.22,85219.79,2169652.01,304299.91,6.26%
686,531,C700k_L100k_M900k_V0,700000,100000,900000,V0,0,360,30.00,3096206.46,1242047.18,263842.24,2170864.34,305512.24,6.17%
687,697,C1000k_L400k_M300k_V1,1000000,400000,300000,V1,5000,230,19.17,2624993.18,412769.72,66608.33,2174594.35,309242.25,6.21%
688,526,C700k_L0k_M1000k_V0,700000,0,1000000,V0,0,360,30.00,3128592.12,1287295.48,276704.88,2186554.67,321202.57,5.94%
689,601,C800k_L400k_M500k_V0,800000,400000,500000,V0,0,360,30.00,3153212.96,977572.74,154475.46,2213611.11,348259.01,6.59%
690,606,C800k_L500k_M400k_V0,800000,500000,400000,V0,0,360,30.00,3138859.75,932324.44,123580.37,2214942.62,349590.52,6.69%
691,611,C800k_L600k_M300k_V0,800000,600000,300000,V0,0,360,30.00,3124506.54,887076.14,92685.27,2217605.86,352253.76,6.57%
692,616,C800k_L700k_M200k_V0,800000,700000,200000,V0,0,360,30.00,3110153.34,841827.85,61790.18,2220269.09,354916.99,6.45%
693,621,C800k_L800k_M100k_V0,800000,800000,100000,V0,0,360,30.00,3095800.13,796579.55,30895.09,2222932.33,357580.23,6.34%
694,596,C800k_L300k_M600k_V0,800000,300000,600000,V0,0,360,30.00,3167566.16,1022821.04,185370.55,2224008.16,358656.06,6.44%
695,626,C800k_L900k_M0k_V0,800000,900000,0,V0,0,360,30.00,3081446.92,751331.25,0.00,2225595.56,360243.46,6.24%
696,591,C800k_L200k_M700k_V0,800000,200000,700000,V0,0,360,30.00,3181919.37,1068069.34,216265.64,2237672.90,372320.80,6.29%
697,586,C800k_L100k_M800k_V0,800000,100000,800000,V0,0,360,30.00,3198352.14,1113317.63,245081.17,2252437.74,387085.64,6.12%
698,581,C800k_L0k_M900k_V0,800000,0,900000,V0,0,360,30.00,3224839.36,1158565.93,263842.24,2267701.94,402349.84,5.94%
699,651,C900k_L400k_M400k_V0,900000,400000,400000,V0,0,360,30.00,3267492.65,848843.19,123580.37,2309984.14,444632.04,6.48%
700,646,C900k_L300k_M500k_V0,900000,300000,500000,V0,0,360,30.00,3281845.86,894091.49,154475.46,2310606.85,445254.75,6.37%
701,656,C900k_L500k_M300k_V0,900000,500000,300000,V0,0,360,30.00,3253139.44,803594.89,92685.27,2312647.38,447295.28,6.46%
702,661,C900k_L600k_M200k_V0,900000,600000,200000,V0,0,360,30.00,3238786.24,758346.60,61790.18,2315310.61,449958.51,6.36%
703,666,C900k_L700k_M100k_V0,900000,700000,100000,V0,0,360,30.00,3224433.03,713098.30,30895.09,2317973.84,452621.74,6.27%
704,671,C900k_L800k_M0k_V0,900000,800000,0,V0,0,360,30.00,3210079.82,667850.00,0.00,2320637.08,455284.98,6.17%
705,641,C900k_L200k_M600k_V0,900000,200000,600000,V0,0,360,30.00,3296199.06,939339.79,185370.55,2321401.49,456049.39,6.23%
706,636,C900k_L100k_M700k_V0,900000,100000,700000,V0,0,360,30.00,3310552.27,984588.09,216265.64,2334927.97,469575.87,6.09%
707,631,C900k_L0k_M800k_V0,900000,0,800000,V0,0,360,30.00,3326985.04,1029836.38,245081.17,2349515.47,484163.37,5.94%
708,691,C1000k_L300k_M400k_V0,1000000,300000,400000,V0,0,360,30.00,3396125.55,765361.94,123580.37,2405025.66,539673.56,6.31%
709,696,C1000k_L400k_M300k_V0,1000000,400000,300000,V0,0,360,30.00,3381772.34,720113.64,92685.27,2407688.89,542336.79,6.38%
710,686,C1000k_L200k_M500k_V0,1000000,200000,500000,V0,0,360,30.00,3410478.76,810610.24,154475.46,2407766.99,542414.89,6.19%
711,701,C1000k_L500k_M200k_V0,1000000,500000,200000,V0,0,360,30.00,3367419.14,674865.35,61790.18,2410352.13,545000.03,6.29%
712,706,C1000k_L600k_M100k_V0,1000000,600000,100000,V0,0,360,30.00,3353065.93,629617.05,30895.09,2413015.36,547663.26,6.20%
713,711,C1000k_L700k_M0k_V0,1000000,700000,0,V0,0,360,30.00,3338712.73,584368.75,0.00,2415678.60,550326.50,6.12%
714,681,C1000k_L100k_M600k_V0,1000000,100000,600000,V0,0,360,30.00,3424831.96,855858.54,185370.55,2418794.82,553442.72,6.07%
715,676,C1000k_L0k_M700k_V0,1000000,0,700000,V0,0,360,30.00,3439185.17,901106.84,216265.64,2432184.43,566832.33,5.94%
